[2026-08-05 12:48:05] laravel.EMERGENCY: Unable to create configured logger. Using emergency logger. {"exception":"[object] (InvalidArgumentException(code: 0): App\\Logging\\AzureBlobLogger must be an instance of Monolog\\Handler\\HandlerInterface at /Users/anushka/Desktop/Form-Forge/vendor/laravel/framework/src/Illuminate/Log/LogManager.php:372)
[stacktrace]
#0 /Users/anushka/Desktop/Form-Forge/vendor/laravel/framework/src/Illuminate/Log/LogManager.php(210): Illuminate\\Log\\LogManager->createMonologDriver(Array)
#1 /Users/anushka/Desktop/Form-Forge/vendor/laravel/framework/src/Illuminate/Log/LogManager.php(125): Illuminate\\Log\\LogManager->resolve('azure', Array)
#2 /Users/anushka/Desktop/Form-Forge/vendor/laravel/framework/src/Illuminate/Log/LogManager.php(112): Illuminate\\Log\\LogManager->get('azure')
#3 /Users/anushka/Desktop/Form-Forge/vendor/laravel/framework/src/Illuminate/Log/LogManager.php(101): Illuminate\\Log\\LogManager->driver('azure')
#4 /Users/anushka/Desktop/Form-Forge/vendor/laravel/framework/src/Illuminate/Log/LogManager.php(255): Illuminate\\Log\\LogManager->channel('azure')
#5 [internal function]: Illuminate\\Log\\LogManager->{closure:Illuminate\\Log\\LogManager::createStackDriver():252}('azure', 0)
#6 /Users/anushka/Desktop/Form-Forge/vendor/laravel/framework/src/Illuminate/Collections/Collection.php(695): array_map(Object(Closure), Array, Array)
#7 /Users/anushka/Desktop/Form-Forge/vendor/laravel/framework/src/Illuminate/Collections/Traits/EnumeratesValues.php(354): Illuminate\\Support\\Collection->map(Object(Closure))
#8 /Users/anushka/Desktop/Form-Forge/vendor/laravel/framework/src/Illuminate/Log/LogManager.php(252): Illuminate\\Support\\Collection->flatMap(Object(Closure))
#9 /Users/anushka/Desktop/Form-Forge/vendor/laravel/framework/src/Illuminate/Log/LogManager.php(210): Illuminate\\Log\\LogManager->createStackDriver(Array)
#10 /Users/anushka/Desktop/Form-Forge/vendor/laravel/framework/src/Illuminate/Log/LogManager.php(125): Illuminate\\Log\\LogManager->resolve('stack', Array)
#11 /Users/anushka/Desktop/Form-Forge/vendor/laravel/framework/src/Illuminate/Log/LogManager.php(112): Illuminate\\Log\\LogManager->get('stack')
#12 /Users/anushka/Desktop/Form-Forge/vendor/laravel/framework/src/Illuminate/Log/LogManager.php(590): Illuminate\\Log\\LogManager->driver()
#13 /Users/anushka/Desktop/Form-Forge/vendor/laravel/framework/src/Illuminate/Foundation/Exceptions/Handler.php(247): Illuminate\\Log\\LogManager->error('Class \"App\\\\Prov...', Array)
#14 /Users/anushka/Desktop/Form-Forge/vendor/nunomaduro/collision/src/Adapters/Laravel/ExceptionHandler.php(46): Illuminate\\Foundation\\Exceptions\\Handler->report(Object(Error))
#15 /Users/anushka/Desktop/Form-Forge/vendor/laravel/framework/src/Illuminate/Foundation/Console/Kernel.php(366): NunoMaduro\\Collision\\Adapters\\Laravel\\ExceptionHandler->report(Object(Error))
#16 /Users/anushka/Desktop/Form-Forge/vendor/laravel/framework/src/Illuminate/Foundation/Console/Kernel.php(131): Illuminate\\Foundation\\Console\\Kernel->reportException(Object(Error))
#17 /Users/anushka/Desktop/Form-Forge/artisan(35): Illuminate\\Foundation\\Console\\Kernel->handle(Object(Symfony\\Component\\Console\\Input\\ArgvInput), Object(Symfony\\Component\\Console\\Output\\ConsoleOutput))
#18 {main}
"} 
[2026-08-05 12:48:05] laravel.EMERGENCY: Unable to create configured logger. Using emergency logger. {"exception":"[object] (InvalidArgumentException(code: 0): App\\Logging\\AzureBlobLogger must be an instance of Monolog\\Handler\\HandlerInterface at /Users/anushka/Desktop/Form-Forge/vendor/laravel/framework/src/Illuminate/Log/LogManager.php:372)
[stacktrace]
#0 /Users/anushka/Desktop/Form-Forge/vendor/laravel/framework/src/Illuminate/Log/LogManager.php(210): Illuminate\\Log\\LogManager->createMonologDriver(Array)
#1 /Users/anushka/Desktop/Form-Forge/vendor/laravel/framework/src/Illuminate/Log/LogManager.php(125): Illuminate\\Log\\LogManager->resolve('azure', Array)
#2 /Users/anushka/Desktop/Form-Forge/vendor/laravel/framework/src/Illuminate/Log/LogManager.php(112): Illuminate\\Log\\LogManager->get('azure')
#3 /Users/anushka/Desktop/Form-Forge/vendor/laravel/framework/src/Illuminate/Log/LogManager.php(101): Illuminate\\Log\\LogManager->driver('azure')
#4 /Users/anushka/Desktop/Form-Forge/vendor/laravel/framework/src/Illuminate/Log/LogManager.php(261): Illuminate\\Log\\LogManager->channel('azure')
#5 [internal function]: Illuminate\\Log\\LogManager->{closure:Illuminate\\Log\\LogManager::createStackDriver():258}('azure', 0)
#6 /Users/anushka/Desktop/Form-Forge/vendor/laravel/framework/src/Illuminate/Collections/Collection.php(695): array_map(Object(Closure), Array, Array)
#7 /Users/anushka/Desktop/Form-Forge/vendor/laravel/framework/src/Illuminate/Collections/Traits/EnumeratesValues.php(354): Illuminate\\Support\\Collection->map(Object(Closure))
#8 /Users/anushka/Desktop/Form-Forge/vendor/laravel/framework/src/Illuminate/Log/LogManager.php(258): Illuminate\\Support\\Collection->flatMap(Object(Closure))
#9 /Users/anushka/Desktop/Form-Forge/vendor/laravel/framework/src/Illuminate/Log/LogManager.php(210): Illuminate\\Log\\LogManager->createStackDriver(Array)
#10 /Users/anushka/Desktop/Form-Forge/vendor/laravel/framework/src/Illuminate/Log/LogManager.php(125): Illuminate\\Log\\LogManager->resolve('stack', Array)
#11 /Users/anushka/Desktop/Form-Forge/vendor/laravel/framework/src/Illuminate/Log/LogManager.php(112): Illuminate\\Log\\LogManager->get('stack')
#12 /Users/anushka/Desktop/Form-Forge/vendor/laravel/framework/src/Illuminate/Log/LogManager.php(590): Illuminate\\Log\\LogManager->driver()
#13 /Users/anushka/Desktop/Form-Forge/vendor/laravel/framework/src/Illuminate/Foundation/Exceptions/Handler.php(247): Illuminate\\Log\\LogManager->error('Class \"App\\\\Prov...', Array)
#14 /Users/anushka/Desktop/Form-Forge/vendor/nunomaduro/collision/src/Adapters/Laravel/ExceptionHandler.php(46): Illuminate\\Foundation\\Exceptions\\Handler->report(Object(Error))
#15 /Users/anushka/Desktop/Form-Forge/vendor/laravel/framework/src/Illuminate/Foundation/Console/Kernel.php(366): NunoMaduro\\Collision\\Adapters\\Laravel\\ExceptionHandler->report(Object(Error))
#16 /Users/anushka/Desktop/Form-Forge/vendor/laravel/framework/src/Illuminate/Foundation/Console/Kernel.php(131): Illuminate\\Foundation\\Console\\Kernel->reportException(Object(Error))
#17 /Users/anushka/Desktop/Form-Forge/artisan(35): Illuminate\\Foundation\\Console\\Kernel->handle(Object(Symfony\\Component\\Console\\Input\\ArgvInput), Object(Symfony\\Component\\Console\\Output\\ConsoleOutput))
#18 {main}
"} 
[2026-08-05 12:48:05] production.ERROR: Class "App\Providers\URL" not found {"exception":"[object] (Error(code: 0): Class \"App\\Providers\\URL\" not found at /Users/anushka/Desktop/Form-Forge/app/Providers/AppServiceProvider.php:29)
[stacktrace]
#0 /Users/anushka/Desktop/Form-Forge/vendor/laravel/framework/src/Illuminate/Container/BoundMethod.php(36): App\\Providers\\AppServiceProvider->boot()
#1 /Users/anushka/Desktop/Form-Forge/vendor/laravel/framework/src/Illuminate/Container/Util.php(40): Illuminate\\Container\\BoundMethod::{closure:Illuminate\\Container\\BoundMethod::call():35}()
#2 /Users/anushka/Desktop/Form-Forge/vendor/laravel/framework/src/Illuminate/Container/BoundMethod.php(93): Illuminate\\Container\\Util::unwrapIfClosure(Object(Closure))
#3 /Users/anushka/Desktop/Form-Forge/vendor/laravel/framework/src/Illuminate/Container/BoundMethod.php(35): Illuminate\\Container\\BoundMethod::callBoundMethod(Object(Illuminate\\Foundation\\Application), Array, Object(Closure))
#4 /Users/anushka/Desktop/Form-Forge/vendor/laravel/framework/src/Illuminate/Container/Container.php(653): Illuminate\\Container\\BoundMethod::call(Object(Illuminate\\Foundation\\Application), Array, Array, NULL)
#5 /Users/anushka/Desktop/Form-Forge/vendor/laravel/framework/src/Illuminate/Foundation/Application.php(926): Illuminate\\Container\\Container->call(Array)
#6 /Users/anushka/Desktop/Form-Forge/vendor/laravel/framework/src/Illuminate/Foundation/Application.php(907): Illuminate\\Foundation\\Application->bootProvider(Object(App\\Providers\\AppServiceProvider))
#7 [internal function]: Illuminate\\Foundation\\Application->{closure:Illuminate\\Foundation\\Application::boot():906}(Object(App\\Providers\\AppServiceProvider), 23)
#8 /Users/anushka/Desktop/Form-Forge/vendor/laravel/framework/src/Illuminate/Foundation/Application.php(906): array_walk(Array, Object(Closure))
#9 /Users/anushka/Desktop/Form-Forge/vendor/laravel/framework/src/Illuminate/Foundation/Bootstrap/BootProviders.php(17): Illuminate\\Foundation\\Application->boot()
#10 /Users/anushka/Desktop/Form-Forge/vendor/laravel/framework/src/Illuminate/Foundation/Application.php(237): Illuminate\\Foundation\\Bootstrap\\BootProviders->bootstrap(Object(Illuminate\\Foundation\\Application))
#11 /Users/anushka/Desktop/Form-Forge/vendor/laravel/framework/src/Illuminate/Foundation/Console/Kernel.php(310): Illuminate\\Foundation\\Application->bootstrapWith(Array)
#12 /Users/anushka/Desktop/Form-Forge/vendor/laravel/framework/src/Illuminate/Foundation/Console/Kernel.php(127): Illuminate\\Foundation\\Console\\Kernel->bootstrap()
#13 /Users/anushka/Desktop/Form-Forge/artisan(35): Illuminate\\Foundation\\Console\\Kernel->handle(Object(Symfony\\Component\\Console\\Input\\ArgvInput), Object(Symfony\\Component\\Console\\Output\\ConsoleOutput))
#14 {main}
"} 
[2026-08-05 12:54:10] laravel.EMERGENCY: Unable to create configured logger. Using emergency logger. {"exception":"[object] (InvalidArgumentException(code: 0): App\\Logging\\AzureBlobLogger must be an instance of Monolog\\Handler\\HandlerInterface at /Users/anushka/Desktop/Form-Forge/vendor/laravel/framework/src/Illuminate/Log/LogManager.php:372)
[stacktrace]
#0 /Users/anushka/Desktop/Form-Forge/vendor/laravel/framework/src/Illuminate/Log/LogManager.php(210): Illuminate\\Log\\LogManager->createMonologDriver(Array)
#1 /Users/anushka/Desktop/Form-Forge/vendor/laravel/framework/src/Illuminate/Log/LogManager.php(125): Illuminate\\Log\\LogManager->resolve('azure', Array)
#2 /Users/anushka/Desktop/Form-Forge/vendor/laravel/framework/src/Illuminate/Log/LogManager.php(112): Illuminate\\Log\\LogManager->get('azure')
#3 /Users/anushka/Desktop/Form-Forge/vendor/laravel/framework/src/Illuminate/Log/LogManager.php(101): Illuminate\\Log\\LogManager->driver('azure')
#4 /Users/anushka/Desktop/Form-Forge/vendor/laravel/framework/src/Illuminate/Log/LogManager.php(255): Illuminate\\Log\\LogManager->channel('azure')
#5 [internal function]: Illuminate\\Log\\LogManager->{closure:Illuminate\\Log\\LogManager::createStackDriver():252}('azure', 0)
#6 /Users/anushka/Desktop/Form-Forge/vendor/laravel/framework/src/Illuminate/Collections/Collection.php(695): array_map(Object(Closure), Array, Array)
#7 /Users/anushka/Desktop/Form-Forge/vendor/laravel/framework/src/Illuminate/Collections/Traits/EnumeratesValues.php(354): Illuminate\\Support\\Collection->map(Object(Closure))
#8 /Users/anushka/Desktop/Form-Forge/vendor/laravel/framework/src/Illuminate/Log/LogManager.php(252): Illuminate\\Support\\Collection->flatMap(Object(Closure))
#9 /Users/anushka/Desktop/Form-Forge/vendor/laravel/framework/src/Illuminate/Log/LogManager.php(210): Illuminate\\Log\\LogManager->createStackDriver(Array)
#10 /Users/anushka/Desktop/Form-Forge/vendor/laravel/framework/src/Illuminate/Log/LogManager.php(125): Illuminate\\Log\\LogManager->resolve('stack', Array)
#11 /Users/anushka/Desktop/Form-Forge/vendor/laravel/framework/src/Illuminate/Log/LogManager.php(112): Illuminate\\Log\\LogManager->get('stack')
#12 /Users/anushka/Desktop/Form-Forge/vendor/laravel/framework/src/Illuminate/Log/LogManager.php(590): Illuminate\\Log\\LogManager->driver()
#13 /Users/anushka/Desktop/Form-Forge/vendor/laravel/framework/src/Illuminate/Foundation/Exceptions/Handler.php(247): Illuminate\\Log\\LogManager->error('SQLSTATE[HY000]...', Array)
#14 /Users/anushka/Desktop/Form-Forge/vendor/nunomaduro/collision/src/Adapters/Laravel/ExceptionHandler.php(46): Illuminate\\Foundation\\Exceptions\\Handler->report(Object(Illuminate\\Database\\QueryException))
#15 /Users/anushka/Desktop/Form-Forge/vendor/laravel/framework/src/Illuminate/Foundation/Console/Kernel.php(366): NunoMaduro\\Collision\\Adapters\\Laravel\\ExceptionHandler->report(Object(Illuminate\\Database\\QueryException))
#16 /Users/anushka/Desktop/Form-Forge/vendor/laravel/framework/src/Illuminate/Foundation/Console/Kernel.php(131): Illuminate\\Foundation\\Console\\Kernel->reportException(Object(Illuminate\\Database\\QueryException))
#17 /Users/anushka/Desktop/Form-Forge/artisan(35): Illuminate\\Foundation\\Console\\Kernel->handle(Object(Symfony\\Component\\Console\\Input\\ArgvInput), Object(Symfony\\Component\\Console\\Output\\ConsoleOutput))
#18 {main}
"} 
[2026-08-05 12:54:10] laravel.EMERGENCY: Unable to create configured logger. Using emergency logger. {"exception":"[object] (InvalidArgumentException(code: 0): App\\Logging\\AzureBlobLogger must be an instance of Monolog\\Handler\\HandlerInterface at /Users/anushka/Desktop/Form-Forge/vendor/laravel/framework/src/Illuminate/Log/LogManager.php:372)
[stacktrace]
#0 /Users/anushka/Desktop/Form-Forge/vendor/laravel/framework/src/Illuminate/Log/LogManager.php(210): Illuminate\\Log\\LogManager->createMonologDriver(Array)
#1 /Users/anushka/Desktop/Form-Forge/vendor/laravel/framework/src/Illuminate/Log/LogManager.php(125): Illuminate\\Log\\LogManager->resolve('azure', Array)
#2 /Users/anushka/Desktop/Form-Forge/vendor/laravel/framework/src/Illuminate/Log/LogManager.php(112): Illuminate\\Log\\LogManager->get('azure')
#3 /Users/anushka/Desktop/Form-Forge/vendor/laravel/framework/src/Illuminate/Log/LogManager.php(101): Illuminate\\Log\\LogManager->driver('azure')
#4 /Users/anushka/Desktop/Form-Forge/vendor/laravel/framework/src/Illuminate/Log/LogManager.php(261): Illuminate\\Log\\LogManager->channel('azure')
#5 [internal function]: Illuminate\\Log\\LogManager->{closure:Illuminate\\Log\\LogManager::createStackDriver():258}('azure', 0)
#6 /Users/anushka/Desktop/Form-Forge/vendor/laravel/framework/src/Illuminate/Collections/Collection.php(695): array_map(Object(Closure), Array, Array)
#7 /Users/anushka/Desktop/Form-Forge/vendor/laravel/framework/src/Illuminate/Collections/Traits/EnumeratesValues.php(354): Illuminate\\Support\\Collection->map(Object(Closure))
#8 /Users/anushka/Desktop/Form-Forge/vendor/laravel/framework/src/Illuminate/Log/LogManager.php(258): Illuminate\\Support\\Collection->flatMap(Object(Closure))
#9 /Users/anushka/Desktop/Form-Forge/vendor/laravel/framework/src/Illuminate/Log/LogManager.php(210): Illuminate\\Log\\LogManager->createStackDriver(Array)
#10 /Users/anushka/Desktop/Form-Forge/vendor/laravel/framework/src/Illuminate/Log/LogManager.php(125): Illuminate\\Log\\LogManager->resolve('stack', Array)
#11 /Users/anushka/Desktop/Form-Forge/vendor/laravel/framework/src/Illuminate/Log/LogManager.php(112): Illuminate\\Log\\LogManager->get('stack')
#12 /Users/anushka/Desktop/Form-Forge/vendor/laravel/framework/src/Illuminate/Log/LogManager.php(590): Illuminate\\Log\\LogManager->driver()
#13 /Users/anushka/Desktop/Form-Forge/vendor/laravel/framework/src/Illuminate/Foundation/Exceptions/Handler.php(247): Illuminate\\Log\\LogManager->error('SQLSTATE[HY000]...', Array)
#14 /Users/anushka/Desktop/Form-Forge/vendor/nunomaduro/collision/src/Adapters/Laravel/ExceptionHandler.php(46): Illuminate\\Foundation\\Exceptions\\Handler->report(Object(Illuminate\\Database\\QueryException))
#15 /Users/anushka/Desktop/Form-Forge/vendor/laravel/framework/src/Illuminate/Foundation/Console/Kernel.php(366): NunoMaduro\\Collision\\Adapters\\Laravel\\ExceptionHandler->report(Object(Illuminate\\Database\\QueryException))
#16 /Users/anushka/Desktop/Form-Forge/vendor/laravel/framework/src/Illuminate/Foundation/Console/Kernel.php(131): Illuminate\\Foundation\\Console\\Kernel->reportException(Object(Illuminate\\Database\\QueryException))
#17 /Users/anushka/Desktop/Form-Forge/artisan(35): Illuminate\\Foundation\\Console\\Kernel->handle(Object(Symfony\\Component\\Console\\Input\\ArgvInput), Object(Symfony\\Component\\Console\\Output\\ConsoleOutput))
#18 {main}
"} 
[2026-08-05 12:54:10] local.ERROR: SQLSTATE[HY000] [1045] Access denied for user 'forge'@'localhost' (using password: YES) (SQL: select * from information_schema.tables where table_schema = forge and table_name = migrations and table_type = 'BASE TABLE') {"exception":"[object] (Illuminate\\Database\\QueryException(code: 1045): SQLSTATE[HY000] [1045] Access denied for user 'forge'@'localhost' (using password: YES) (SQL: select * from information_schema.tables where table_schema = forge and table_name = migrations and table_type = 'BASE TABLE') at /Users/anushka/Desktop/Form-Forge/vendor/laravel/framework/src/Illuminate/Database/Connection.php:712)
[stacktrace]
#0 /Users/anushka/Desktop/Form-Forge/vendor/laravel/framework/src/Illuminate/Database/Connection.php(672): Illuminate\\Database\\Connection->runQueryCallback('select * from i...', Array, Object(Closure))
#1 /Users/anushka/Desktop/Form-Forge/vendor/laravel/framework/src/Illuminate/Database/Connection.php(359): Illuminate\\Database\\Connection->run('select * from i...', Array, Object(Closure))
#2 /Users/anushka/Desktop/Form-Forge/vendor/laravel/framework/src/Illuminate/Database/Schema/MySqlBuilder.php(43): Illuminate\\Database\\Connection->select('select * from i...', Array)
#3 /Users/anushka/Desktop/Form-Forge/vendor/laravel/framework/src/Illuminate/Database/Migrations/DatabaseMigrationRepository.php(169): Illuminate\\Database\\Schema\\MySqlBuilder->hasTable('migrations')
#4 /Users/anushka/Desktop/Form-Forge/vendor/laravel/framework/src/Illuminate/Database/Migrations/Migrator.php(673): Illuminate\\Database\\Migrations\\DatabaseMigrationRepository->repositoryExists()
#5 /Users/anushka/Desktop/Form-Forge/vendor/laravel/framework/src/Illuminate/Database/Console/Migrations/MigrateCommand.php(110): Illuminate\\Database\\Migrations\\Migrator->repositoryExists()
#6 /Users/anushka/Desktop/Form-Forge/vendor/laravel/framework/src/Illuminate/Database/Console/Migrations/MigrateCommand.php(78): Illuminate\\Database\\Console\\Migrations\\MigrateCommand->prepareDatabase()
#7 /Users/anushka/Desktop/Form-Forge/vendor/laravel/framework/src/Illuminate/Database/Migrations/Migrator.php(606): Illuminate\\Database\\Console\\Migrations\\MigrateCommand->{closure:Illuminate\\Database\\Console\\Migrations\\MigrateCommand::handle():77}()
#8 /Users/anushka/Desktop/Form-Forge/vendor/laravel/framework/src/Illuminate/Database/Console/Migrations/MigrateCommand.php(77): Illuminate\\Database\\Migrations\\Migrator->usingConnection(NULL, Object(Closure))
#9 /Users/anushka/Desktop/Form-Forge/vendor/laravel/framework/src/Illuminate/Container/BoundMethod.php(36): Illuminate\\Database\\Console\\Migrations\\MigrateCommand->handle()
#10 /Users/anushka/Desktop/Form-Forge/vendor/laravel/framework/src/Illuminate/Container/Util.php(40): Illuminate\\Container\\BoundMethod::{closure:Illuminate\\Container\\BoundMethod::call():35}()
#11 /Users/anushka/Desktop/Form-Forge/vendor/laravel/framework/src/Illuminate/Container/BoundMethod.php(93): Illuminate\\Container\\Util::unwrapIfClosure(Object(Closure))
#12 /Users/anushka/Desktop/Form-Forge/vendor/laravel/framework/src/Illuminate/Container/BoundMethod.php(35): Illuminate\\Container\\BoundMethod::callBoundMethod(Object(Illuminate\\Foundation\\Application), Array, Object(Closure))
#13 /Users/anushka/Desktop/Form-Forge/vendor/laravel/framework/src/Illuminate/Container/Container.php(653): Illuminate\\Container\\BoundMethod::call(Object(Illuminate\\Foundation\\Application), Array, Array, NULL)
#14 /Users/anushka/Desktop/Form-Forge/vendor/laravel/framework/src/Illuminate/Console/Command.php(136): Illuminate\\Container\\Container->call(Array)
#15 /Users/anushka/Desktop/Form-Forge/vendor/symfony/console/Command/Command.php(298): Illuminate\\Console\\Command->execute(Object(Symfony\\Component\\Console\\Input\\ArgvInput), Object(Illuminate\\Console\\OutputStyle))
#16 /Users/anushka/Desktop/Form-Forge/vendor/laravel/framework/src/Illuminate/Console/Command.php(120): Symfony\\Component\\Console\\Command\\Command->run(Object(Symfony\\Component\\Console\\Input\\ArgvInput), Object(Illuminate\\Console\\OutputStyle))
#17 /Users/anushka/Desktop/Form-Forge/vendor/symfony/console/Application.php(1040): Illuminate\\Console\\Command->run(Object(Symfony\\Component\\Console\\Input\\ArgvInput), Object(Symfony\\Component\\Console\\Output\\ConsoleOutput))
#18 /Users/anushka/Desktop/Form-Forge/vendor/symfony/console/Application.php(301): Symfony\\Component\\Console\\Application->doRunCommand(Object(Illuminate\\Database\\Console\\Migrations\\MigrateCommand), Object(Symfony\\Component\\Console\\Input\\ArgvInput), Object(Symfony\\Component\\Console\\Output\\ConsoleOutput))
#19 /Users/anushka/Desktop/Form-Forge/vendor/symfony/console/Application.php(171): Symfony\\Component\\Console\\Application->doRun(Object(Symfony\\Component\\Console\\Input\\ArgvInput), Object(Symfony\\Component\\Console\\Output\\ConsoleOutput))
#20 /Users/anushka/Desktop/Form-Forge/vendor/laravel/framework/src/Illuminate/Console/Application.php(94): Symfony\\Component\\Console\\Application->run(Object(Symfony\\Component\\Console\\Input\\ArgvInput), Object(Symfony\\Component\\Console\\Output\\ConsoleOutput))
#21 /Users/anushka/Desktop/Form-Forge/vendor/laravel/framework/src/Illuminate/Foundation/Console/Kernel.php(129): Illuminate\\Console\\Application->run(Object(Symfony\\Component\\Console\\Input\\ArgvInput), Object(Symfony\\Component\\Console\\Output\\ConsoleOutput))
#22 /Users/anushka/Desktop/Form-Forge/artisan(35): Illuminate\\Foundation\\Console\\Kernel->handle(Object(Symfony\\Component\\Console\\Input\\ArgvInput), Object(Symfony\\Component\\Console\\Output\\ConsoleOutput))
#23 {main}

[previous exception] [object] (PDOException(code: 1045): SQLSTATE[HY000] [1045] Access denied for user 'forge'@'localhost' (using password: YES) at /Users/anushka/Desktop/Form-Forge/vendor/laravel/framework/src/Illuminate/Database/Connectors/Connector.php:70)
[stacktrace]
#0 /Users/anushka/Desktop/Form-Forge/vendor/laravel/framework/src/Illuminate/Database/Connectors/Connector.php(70): PDO->__construct('mysql:host=127....', 'forge', Object(SensitiveParameterValue), Array)
#1 /Users/anushka/Desktop/Form-Forge/vendor/laravel/framework/src/Illuminate/Database/Connectors/Connector.php(45): Illuminate\\Database\\Connectors\\Connector->createPdoConnection('mysql:host=127....', 'forge', '', Array)
#2 /Users/anushka/Desktop/Form-Forge/vendor/laravel/framework/src/Illuminate/Database/Connectors/MySqlConnector.php(24): Illuminate\\Database\\Connectors\\Connector->createConnection('mysql:host=127....', Array, Array)
#3 /Users/anushka/Desktop/Form-Forge/vendor/laravel/framework/src/Illuminate/Database/Connectors/ConnectionFactory.php(184): Illuminate\\Database\\Connectors\\MySqlConnector->connect(Array)
#4 [internal function]: Illuminate\\Database\\Connectors\\ConnectionFactory->{closure:Illuminate\\Database\\Connectors\\ConnectionFactory::createPdoResolverWithHosts():179}()
#5 /Users/anushka/Desktop/Form-Forge/vendor/laravel/framework/src/Illuminate/Database/Connection.php(1064): call_user_func(Object(Closure))
#6 /Users/anushka/Desktop/Form-Forge/vendor/laravel/framework/src/Illuminate/Database/Connection.php(1100): Illuminate\\Database\\Connection->getPdo()
#7 /Users/anushka/Desktop/Form-Forge/vendor/laravel/framework/src/Illuminate/Database/Connection.php(442): Illuminate\\Database\\Connection->getReadPdo()
#8 /Users/anushka/Desktop/Form-Forge/vendor/laravel/framework/src/Illuminate/Database/Connection.php(368): Illuminate\\Database\\Connection->getPdoForSelect(true)
#9 /Users/anushka/Desktop/Form-Forge/vendor/laravel/framework/src/Illuminate/Database/Connection.php(705): Illuminate\\Database\\Connection->{closure:Illuminate\\Database\\Connection::select():359}('select * from i...', Array)
#10 /Users/anushka/Desktop/Form-Forge/vendor/laravel/framework/src/Illuminate/Database/Connection.php(672): Illuminate\\Database\\Connection->runQueryCallback('select * from i...', Array, Object(Closure))
#11 /Users/anushka/Desktop/Form-Forge/vendor/laravel/framework/src/Illuminate/Database/Connection.php(359): Illuminate\\Database\\Connection->run('select * from i...', Array, Object(Closure))
#12 /Users/anushka/Desktop/Form-Forge/vendor/laravel/framework/src/Illuminate/Database/Schema/MySqlBuilder.php(43): Illuminate\\Database\\Connection->select('select * from i...', Array)
#13 /Users/anushka/Desktop/Form-Forge/vendor/laravel/framework/src/Illuminate/Database/Migrations/DatabaseMigrationRepository.php(169): Illuminate\\Database\\Schema\\MySqlBuilder->hasTable('migrations')
#14 /Users/anushka/Desktop/Form-Forge/vendor/laravel/framework/src/Illuminate/Database/Migrations/Migrator.php(673): Illuminate\\Database\\Migrations\\DatabaseMigrationRepository->repositoryExists()
#15 /Users/anushka/Desktop/Form-Forge/vendor/laravel/framework/src/Illuminate/Database/Console/Migrations/MigrateCommand.php(110): Illuminate\\Database\\Migrations\\Migrator->repositoryExists()
#16 /Users/anushka/Desktop/Form-Forge/vendor/laravel/framework/src/Illuminate/Database/Console/Migrations/MigrateCommand.php(78): Illuminate\\Database\\Console\\Migrations\\MigrateCommand->prepareDatabase()
#17 /Users/anushka/Desktop/Form-Forge/vendor/laravel/framework/src/Illuminate/Database/Migrations/Migrator.php(606): Illuminate\\Database\\Console\\Migrations\\MigrateCommand->{closure:Illuminate\\Database\\Console\\Migrations\\MigrateCommand::handle():77}()
#18 /Users/anushka/Desktop/Form-Forge/vendor/laravel/framework/src/Illuminate/Database/Console/Migrations/MigrateCommand.php(77): Illuminate\\Database\\Migrations\\Migrator->usingConnection(NULL, Object(Closure))
#19 /Users/anushka/Desktop/Form-Forge/vendor/laravel/framework/src/Illuminate/Container/BoundMethod.php(36): Illuminate\\Database\\Console\\Migrations\\MigrateCommand->handle()
#20 /Users/anushka/Desktop/Form-Forge/vendor/laravel/framework/src/Illuminate/Container/Util.php(40): Illuminate\\Container\\BoundMethod::{closure:Illuminate\\Container\\BoundMethod::call():35}()
#21 /Users/anushka/Desktop/Form-Forge/vendor/laravel/framework/src/Illuminate/Container/BoundMethod.php(93): Illuminate\\Container\\Util::unwrapIfClosure(Object(Closure))
#22 /Users/anushka/Desktop/Form-Forge/vendor/laravel/framework/src/Illuminate/Container/BoundMethod.php(35): Illuminate\\Container\\BoundMethod::callBoundMethod(Object(Illuminate\\Foundation\\Application), Array, Object(Closure))
#23 /Users/anushka/Desktop/Form-Forge/vendor/laravel/framework/src/Illuminate/Container/Container.php(653): Illuminate\\Container\\BoundMethod::call(Object(Illuminate\\Foundation\\Application), Array, Array, NULL)
#24 /Users/anushka/Desktop/Form-Forge/vendor/laravel/framework/src/Illuminate/Console/Command.php(136): Illuminate\\Container\\Container->call(Array)
#25 /Users/anushka/Desktop/Form-Forge/vendor/symfony/console/Command/Command.php(298): Illuminate\\Console\\Command->execute(Object(Symfony\\Component\\Console\\Input\\ArgvInput), Object(Illuminate\\Console\\OutputStyle))
#26 /Users/anushka/Desktop/Form-Forge/vendor/laravel/framework/src/Illuminate/Console/Command.php(120): Symfony\\Component\\Console\\Command\\Command->run(Object(Symfony\\Component\\Console\\Input\\ArgvInput), Object(Illuminate\\Console\\OutputStyle))
#27 /Users/anushka/Desktop/Form-Forge/vendor/symfony/console/Application.php(1040): Illuminate\\Console\\Command->run(Object(Symfony\\Component\\Console\\Input\\ArgvInput), Object(Symfony\\Component\\Console\\Output\\ConsoleOutput))
#28 /Users/anushka/Desktop/Form-Forge/vendor/symfony/console/Application.php(301): Symfony\\Component\\Console\\Application->doRunCommand(Object(Illuminate\\Database\\Console\\Migrations\\MigrateCommand), Object(Symfony\\Component\\Console\\Input\\ArgvInput), Object(Symfony\\Component\\Console\\Output\\ConsoleOutput))
#29 /Users/anushka/Desktop/Form-Forge/vendor/symfony/console/Application.php(171): Symfony\\Component\\Console\\Application->doRun(Object(Symfony\\Component\\Console\\Input\\ArgvInput), Object(Symfony\\Component\\Console\\Output\\ConsoleOutput))
#30 /Users/anushka/Desktop/Form-Forge/vendor/laravel/framework/src/Illuminate/Console/Application.php(94): Symfony\\Component\\Console\\Application->run(Object(Symfony\\Component\\Console\\Input\\ArgvInput), Object(Symfony\\Component\\Console\\Output\\ConsoleOutput))
#31 /Users/anushka/Desktop/Form-Forge/vendor/laravel/framework/src/Illuminate/Foundation/Console/Kernel.php(129): Illuminate\\Console\\Application->run(Object(Symfony\\Component\\Console\\Input\\ArgvInput), Object(Symfony\\Component\\Console\\Output\\ConsoleOutput))
#32 /Users/anushka/Desktop/Form-Forge/artisan(35): Illuminate\\Foundation\\Console\\Kernel->handle(Object(Symfony\\Component\\Console\\Input\\ArgvInput), Object(Symfony\\Component\\Console\\Output\\ConsoleOutput))
#33 {main}
"} 
[2026-08-05 12:59:29] laravel.EMERGENCY: Unable to create configured logger. Using emergency logger. {"exception":"[object] (InvalidArgumentException(code: 0): App\\Logging\\AzureBlobLogger must be an instance of Monolog\\Handler\\HandlerInterface at /Users/anushka/Desktop/Form-Forge/vendor/laravel/framework/src/Illuminate/Log/LogManager.php:372)
[stacktrace]
#0 /Users/anushka/Desktop/Form-Forge/vendor/laravel/framework/src/Illuminate/Log/LogManager.php(210): Illuminate\\Log\\LogManager->createMonologDriver(Array)
#1 /Users/anushka/Desktop/Form-Forge/vendor/laravel/framework/src/Illuminate/Log/LogManager.php(125): Illuminate\\Log\\LogManager->resolve('azure', Array)
#2 /Users/anushka/Desktop/Form-Forge/vendor/laravel/framework/src/Illuminate/Log/LogManager.php(112): Illuminate\\Log\\LogManager->get('azure')
#3 /Users/anushka/Desktop/Form-Forge/vendor/laravel/framework/src/Illuminate/Log/LogManager.php(101): Illuminate\\Log\\LogManager->driver('azure')
#4 /Users/anushka/Desktop/Form-Forge/vendor/laravel/framework/src/Illuminate/Log/LogManager.php(255): Illuminate\\Log\\LogManager->channel('azure')
#5 [internal function]: Illuminate\\Log\\LogManager->{closure:Illuminate\\Log\\LogManager::createStackDriver():252}('azure', 0)
#6 /Users/anushka/Desktop/Form-Forge/vendor/laravel/framework/src/Illuminate/Collections/Collection.php(695): array_map(Object(Closure), Array, Array)
#7 /Users/anushka/Desktop/Form-Forge/vendor/laravel/framework/src/Illuminate/Collections/Traits/EnumeratesValues.php(354): Illuminate\\Support\\Collection->map(Object(Closure))
#8 /Users/anushka/Desktop/Form-Forge/vendor/laravel/framework/src/Illuminate/Log/LogManager.php(252): Illuminate\\Support\\Collection->flatMap(Object(Closure))
#9 /Users/anushka/Desktop/Form-Forge/vendor/laravel/framework/src/Illuminate/Log/LogManager.php(210): Illuminate\\Log\\LogManager->createStackDriver(Array)
#10 /Users/anushka/Desktop/Form-Forge/vendor/laravel/framework/src/Illuminate/Log/LogManager.php(125): Illuminate\\Log\\LogManager->resolve('stack', Array)
#11 /Users/anushka/Desktop/Form-Forge/vendor/laravel/framework/src/Illuminate/Log/LogManager.php(112): Illuminate\\Log\\LogManager->get('stack')
#12 /Users/anushka/Desktop/Form-Forge/vendor/laravel/framework/src/Illuminate/Log/LogManager.php(590): Illuminate\\Log\\LogManager->driver()
#13 /Users/anushka/Desktop/Form-Forge/vendor/laravel/framework/src/Illuminate/Foundation/Exceptions/Handler.php(247): Illuminate\\Log\\LogManager->error('SQLSTATE[HY000]...', Array)
#14 /Users/anushka/Desktop/Form-Forge/vendor/nunomaduro/collision/src/Adapters/Laravel/ExceptionHandler.php(46): Illuminate\\Foundation\\Exceptions\\Handler->report(Object(Illuminate\\Database\\QueryException))
#15 /Users/anushka/Desktop/Form-Forge/vendor/laravel/framework/src/Illuminate/Foundation/Console/Kernel.php(366): NunoMaduro\\Collision\\Adapters\\Laravel\\ExceptionHandler->report(Object(Illuminate\\Database\\QueryException))
#16 /Users/anushka/Desktop/Form-Forge/vendor/laravel/framework/src/Illuminate/Foundation/Console/Kernel.php(131): Illuminate\\Foundation\\Console\\Kernel->reportException(Object(Illuminate\\Database\\QueryException))
#17 /Users/anushka/Desktop/Form-Forge/artisan(35): Illuminate\\Foundation\\Console\\Kernel->handle(Object(Symfony\\Component\\Console\\Input\\ArgvInput), Object(Symfony\\Component\\Console\\Output\\ConsoleOutput))
#18 {main}
"} 
[2026-08-05 12:59:29] laravel.EMERGENCY: Unable to create configured logger. Using emergency logger. {"exception":"[object] (InvalidArgumentException(code: 0): App\\Logging\\AzureBlobLogger must be an instance of Monolog\\Handler\\HandlerInterface at /Users/anushka/Desktop/Form-Forge/vendor/laravel/framework/src/Illuminate/Log/LogManager.php:372)
[stacktrace]
#0 /Users/anushka/Desktop/Form-Forge/vendor/laravel/framework/src/Illuminate/Log/LogManager.php(210): Illuminate\\Log\\LogManager->createMonologDriver(Array)
#1 /Users/anushka/Desktop/Form-Forge/vendor/laravel/framework/src/Illuminate/Log/LogManager.php(125): Illuminate\\Log\\LogManager->resolve('azure', Array)
#2 /Users/anushka/Desktop/Form-Forge/vendor/laravel/framework/src/Illuminate/Log/LogManager.php(112): Illuminate\\Log\\LogManager->get('azure')
#3 /Users/anushka/Desktop/Form-Forge/vendor/laravel/framework/src/Illuminate/Log/LogManager.php(101): Illuminate\\Log\\LogManager->driver('azure')
#4 /Users/anushka/Desktop/Form-Forge/vendor/laravel/framework/src/Illuminate/Log/LogManager.php(261): Illuminate\\Log\\LogManager->channel('azure')
#5 [internal function]: Illuminate\\Log\\LogManager->{closure:Illuminate\\Log\\LogManager::createStackDriver():258}('azure', 0)
#6 /Users/anushka/Desktop/Form-Forge/vendor/laravel/framework/src/Illuminate/Collections/Collection.php(695): array_map(Object(Closure), Array, Array)
#7 /Users/anushka/Desktop/Form-Forge/vendor/laravel/framework/src/Illuminate/Collections/Traits/EnumeratesValues.php(354): Illuminate\\Support\\Collection->map(Object(Closure))
#8 /Users/anushka/Desktop/Form-Forge/vendor/laravel/framework/src/Illuminate/Log/LogManager.php(258): Illuminate\\Support\\Collection->flatMap(Object(Closure))
#9 /Users/anushka/Desktop/Form-Forge/vendor/laravel/framework/src/Illuminate/Log/LogManager.php(210): Illuminate\\Log\\LogManager->createStackDriver(Array)
#10 /Users/anushka/Desktop/Form-Forge/vendor/laravel/framework/src/Illuminate/Log/LogManager.php(125): Illuminate\\Log\\LogManager->resolve('stack', Array)
#11 /Users/anushka/Desktop/Form-Forge/vendor/laravel/framework/src/Illuminate/Log/LogManager.php(112): Illuminate\\Log\\LogManager->get('stack')
#12 /Users/anushka/Desktop/Form-Forge/vendor/laravel/framework/src/Illuminate/Log/LogManager.php(590): Illuminate\\Log\\LogManager->driver()
#13 /Users/anushka/Desktop/Form-Forge/vendor/laravel/framework/src/Illuminate/Foundation/Exceptions/Handler.php(247): Illuminate\\Log\\LogManager->error('SQLSTATE[HY000]...', Array)
#14 /Users/anushka/Desktop/Form-Forge/vendor/nunomaduro/collision/src/Adapters/Laravel/ExceptionHandler.php(46): Illuminate\\Foundation\\Exceptions\\Handler->report(Object(Illuminate\\Database\\QueryException))
#15 /Users/anushka/Desktop/Form-Forge/vendor/laravel/framework/src/Illuminate/Foundation/Console/Kernel.php(366): NunoMaduro\\Collision\\Adapters\\Laravel\\ExceptionHandler->report(Object(Illuminate\\Database\\QueryException))
#16 /Users/anushka/Desktop/Form-Forge/vendor/laravel/framework/src/Illuminate/Foundation/Console/Kernel.php(131): Illuminate\\Foundation\\Console\\Kernel->reportException(Object(Illuminate\\Database\\QueryException))
#17 /Users/anushka/Desktop/Form-Forge/artisan(35): Illuminate\\Foundation\\Console\\Kernel->handle(Object(Symfony\\Component\\Console\\Input\\ArgvInput), Object(Symfony\\Component\\Console\\Output\\ConsoleOutput))
#18 {main}
"} 
[2026-08-05 12:59:29] local.ERROR: SQLSTATE[HY000] [1045] Access denied for user 'root'@'localhost' (using password: YES) (SQL: select * from information_schema.tables where table_schema = form_forge and table_name = migrations and table_type = 'BASE TABLE') {"exception":"[object] (Illuminate\\Database\\QueryException(code: 1045): SQLSTATE[HY000] [1045] Access denied for user 'root'@'localhost' (using password: YES) (SQL: select * from information_schema.tables where table_schema = form_forge and table_name = migrations and table_type = 'BASE TABLE') at /Users/anushka/Desktop/Form-Forge/vendor/laravel/framework/src/Illuminate/Database/Connection.php:712)
[stacktrace]
#0 /Users/anushka/Desktop/Form-Forge/vendor/laravel/framework/src/Illuminate/Database/Connection.php(672): Illuminate\\Database\\Connection->runQueryCallback('select * from i...', Array, Object(Closure))
#1 /Users/anushka/Desktop/Form-Forge/vendor/laravel/framework/src/Illuminate/Database/Connection.php(359): Illuminate\\Database\\Connection->run('select * from i...', Array, Object(Closure))
#2 /Users/anushka/Desktop/Form-Forge/vendor/laravel/framework/src/Illuminate/Database/Schema/MySqlBuilder.php(43): Illuminate\\Database\\Connection->select('select * from i...', Array)
#3 /Users/anushka/Desktop/Form-Forge/vendor/laravel/framework/src/Illuminate/Database/Migrations/DatabaseMigrationRepository.php(169): Illuminate\\Database\\Schema\\MySqlBuilder->hasTable('migrations')
#4 /Users/anushka/Desktop/Form-Forge/vendor/laravel/framework/src/Illuminate/Database/Migrations/Migrator.php(673): Illuminate\\Database\\Migrations\\DatabaseMigrationRepository->repositoryExists()
#5 /Users/anushka/Desktop/Form-Forge/vendor/laravel/framework/src/Illuminate/Database/Console/Migrations/MigrateCommand.php(110): Illuminate\\Database\\Migrations\\Migrator->repositoryExists()
#6 /Users/anushka/Desktop/Form-Forge/vendor/laravel/framework/src/Illuminate/Database/Console/Migrations/MigrateCommand.php(78): Illuminate\\Database\\Console\\Migrations\\MigrateCommand->prepareDatabase()
#7 /Users/anushka/Desktop/Form-Forge/vendor/laravel/framework/src/Illuminate/Database/Migrations/Migrator.php(606): Illuminate\\Database\\Console\\Migrations\\MigrateCommand->{closure:Illuminate\\Database\\Console\\Migrations\\MigrateCommand::handle():77}()
#8 /Users/anushka/Desktop/Form-Forge/vendor/laravel/framework/src/Illuminate/Database/Console/Migrations/MigrateCommand.php(77): Illuminate\\Database\\Migrations\\Migrator->usingConnection(NULL, Object(Closure))
#9 /Users/anushka/Desktop/Form-Forge/vendor/laravel/framework/src/Illuminate/Container/BoundMethod.php(36): Illuminate\\Database\\Console\\Migrations\\MigrateCommand->handle()
#10 /Users/anushka/Desktop/Form-Forge/vendor/laravel/framework/src/Illuminate/Container/Util.php(40): Illuminate\\Container\\BoundMethod::{closure:Illuminate\\Container\\BoundMethod::call():35}()
#11 /Users/anushka/Desktop/Form-Forge/vendor/laravel/framework/src/Illuminate/Container/BoundMethod.php(93): Illuminate\\Container\\Util::unwrapIfClosure(Object(Closure))
#12 /Users/anushka/Desktop/Form-Forge/vendor/laravel/framework/src/Illuminate/Container/BoundMethod.php(35): Illuminate\\Container\\BoundMethod::callBoundMethod(Object(Illuminate\\Foundation\\Application), Array, Object(Closure))
#13 /Users/anushka/Desktop/Form-Forge/vendor/laravel/framework/src/Illuminate/Container/Container.php(653): Illuminate\\Container\\BoundMethod::call(Object(Illuminate\\Foundation\\Application), Array, Array, NULL)
#14 /Users/anushka/Desktop/Form-Forge/vendor/laravel/framework/src/Illuminate/Console/Command.php(136): Illuminate\\Container\\Container->call(Array)
#15 /Users/anushka/Desktop/Form-Forge/vendor/symfony/console/Command/Command.php(298): Illuminate\\Console\\Command->execute(Object(Symfony\\Component\\Console\\Input\\ArgvInput), Object(Illuminate\\Console\\OutputStyle))
#16 /Users/anushka/Desktop/Form-Forge/vendor/laravel/framework/src/Illuminate/Console/Command.php(120): Symfony\\Component\\Console\\Command\\Command->run(Object(Symfony\\Component\\Console\\Input\\ArgvInput), Object(Illuminate\\Console\\OutputStyle))
#17 /Users/anushka/Desktop/Form-Forge/vendor/symfony/console/Application.php(1040): Illuminate\\Console\\Command->run(Object(Symfony\\Component\\Console\\Input\\ArgvInput), Object(Symfony\\Component\\Console\\Output\\ConsoleOutput))
#18 /Users/anushka/Desktop/Form-Forge/vendor/symfony/console/Application.php(301): Symfony\\Component\\Console\\Application->doRunCommand(Object(Illuminate\\Database\\Console\\Migrations\\MigrateCommand), Object(Symfony\\Component\\Console\\Input\\ArgvInput), Object(Symfony\\Component\\Console\\Output\\ConsoleOutput))
#19 /Users/anushka/Desktop/Form-Forge/vendor/symfony/console/Application.php(171): Symfony\\Component\\Console\\Application->doRun(Object(Symfony\\Component\\Console\\Input\\ArgvInput), Object(Symfony\\Component\\Console\\Output\\ConsoleOutput))
#20 /Users/anushka/Desktop/Form-Forge/vendor/laravel/framework/src/Illuminate/Console/Application.php(94): Symfony\\Component\\Console\\Application->run(Object(Symfony\\Component\\Console\\Input\\ArgvInput), Object(Symfony\\Component\\Console\\Output\\ConsoleOutput))
#21 /Users/anushka/Desktop/Form-Forge/vendor/laravel/framework/src/Illuminate/Foundation/Console/Kernel.php(129): Illuminate\\Console\\Application->run(Object(Symfony\\Component\\Console\\Input\\ArgvInput), Object(Symfony\\Component\\Console\\Output\\ConsoleOutput))
#22 /Users/anushka/Desktop/Form-Forge/artisan(35): Illuminate\\Foundation\\Console\\Kernel->handle(Object(Symfony\\Component\\Console\\Input\\ArgvInput), Object(Symfony\\Component\\Console\\Output\\ConsoleOutput))
#23 {main}

[previous exception] [object] (PDOException(code: 1045): SQLSTATE[HY000] [1045] Access denied for user 'root'@'localhost' (using password: YES) at /Users/anushka/Desktop/Form-Forge/vendor/laravel/framework/src/Illuminate/Database/Connectors/Connector.php:70)
[stacktrace]
#0 /Users/anushka/Desktop/Form-Forge/vendor/laravel/framework/src/Illuminate/Database/Connectors/Connector.php(70): PDO->__construct('mysql:host=127....', 'root', Object(SensitiveParameterValue), Array)
#1 /Users/anushka/Desktop/Form-Forge/vendor/laravel/framework/src/Illuminate/Database/Connectors/Connector.php(45): Illuminate\\Database\\Connectors\\Connector->createPdoConnection('mysql:host=127....', 'root', 'db_password_new', Array)
#2 /Users/anushka/Desktop/Form-Forge/vendor/laravel/framework/src/Illuminate/Database/Connectors/MySqlConnector.php(24): Illuminate\\Database\\Connectors\\Connector->createConnection('mysql:host=127....', Array, Array)
#3 /Users/anushka/Desktop/Form-Forge/vendor/laravel/framework/src/Illuminate/Database/Connectors/ConnectionFactory.php(184): Illuminate\\Database\\Connectors\\MySqlConnector->connect(Array)
#4 [internal function]: Illuminate\\Database\\Connectors\\ConnectionFactory->{closure:Illuminate\\Database\\Connectors\\ConnectionFactory::createPdoResolverWithHosts():179}()
#5 /Users/anushka/Desktop/Form-Forge/vendor/laravel/framework/src/Illuminate/Database/Connection.php(1064): call_user_func(Object(Closure))
#6 /Users/anushka/Desktop/Form-Forge/vendor/laravel/framework/src/Illuminate/Database/Connection.php(1100): Illuminate\\Database\\Connection->getPdo()
#7 /Users/anushka/Desktop/Form-Forge/vendor/laravel/framework/src/Illuminate/Database/Connection.php(442): Illuminate\\Database\\Connection->getReadPdo()
#8 /Users/anushka/Desktop/Form-Forge/vendor/laravel/framework/src/Illuminate/Database/Connection.php(368): Illuminate\\Database\\Connection->getPdoForSelect(true)
#9 /Users/anushka/Desktop/Form-Forge/vendor/laravel/framework/src/Illuminate/Database/Connection.php(705): Illuminate\\Database\\Connection->{closure:Illuminate\\Database\\Connection::select():359}('select * from i...', Array)
#10 /Users/anushka/Desktop/Form-Forge/vendor/laravel/framework/src/Illuminate/Database/Connection.php(672): Illuminate\\Database\\Connection->runQueryCallback('select * from i...', Array, Object(Closure))
#11 /Users/anushka/Desktop/Form-Forge/vendor/laravel/framework/src/Illuminate/Database/Connection.php(359): Illuminate\\Database\\Connection->run('select * from i...', Array, Object(Closure))
#12 /Users/anushka/Desktop/Form-Forge/vendor/laravel/framework/src/Illuminate/Database/Schema/MySqlBuilder.php(43): Illuminate\\Database\\Connection->select('select * from i...', Array)
#13 /Users/anushka/Desktop/Form-Forge/vendor/laravel/framework/src/Illuminate/Database/Migrations/DatabaseMigrationRepository.php(169): Illuminate\\Database\\Schema\\MySqlBuilder->hasTable('migrations')
#14 /Users/anushka/Desktop/Form-Forge/vendor/laravel/framework/src/Illuminate/Database/Migrations/Migrator.php(673): Illuminate\\Database\\Migrations\\DatabaseMigrationRepository->repositoryExists()
#15 /Users/anushka/Desktop/Form-Forge/vendor/laravel/framework/src/Illuminate/Database/Console/Migrations/MigrateCommand.php(110): Illuminate\\Database\\Migrations\\Migrator->repositoryExists()
#16 /Users/anushka/Desktop/Form-Forge/vendor/laravel/framework/src/Illuminate/Database/Console/Migrations/MigrateCommand.php(78): Illuminate\\Database\\Console\\Migrations\\MigrateCommand->prepareDatabase()
#17 /Users/anushka/Desktop/Form-Forge/vendor/laravel/framework/src/Illuminate/Database/Migrations/Migrator.php(606): Illuminate\\Database\\Console\\Migrations\\MigrateCommand->{closure:Illuminate\\Database\\Console\\Migrations\\MigrateCommand::handle():77}()
#18 /Users/anushka/Desktop/Form-Forge/vendor/laravel/framework/src/Illuminate/Database/Console/Migrations/MigrateCommand.php(77): Illuminate\\Database\\Migrations\\Migrator->usingConnection(NULL, Object(Closure))
#19 /Users/anushka/Desktop/Form-Forge/vendor/laravel/framework/src/Illuminate/Container/BoundMethod.php(36): Illuminate\\Database\\Console\\Migrations\\MigrateCommand->handle()
#20 /Users/anushka/Desktop/Form-Forge/vendor/laravel/framework/src/Illuminate/Container/Util.php(40): Illuminate\\Container\\BoundMethod::{closure:Illuminate\\Container\\BoundMethod::call():35}()
#21 /Users/anushka/Desktop/Form-Forge/vendor/laravel/framework/src/Illuminate/Container/BoundMethod.php(93): Illuminate\\Container\\Util::unwrapIfClosure(Object(Closure))
#22 /Users/anushka/Desktop/Form-Forge/vendor/laravel/framework/src/Illuminate/Container/BoundMethod.php(35): Illuminate\\Container\\BoundMethod::callBoundMethod(Object(Illuminate\\Foundation\\Application), Array, Object(Closure))
#23 /Users/anushka/Desktop/Form-Forge/vendor/laravel/framework/src/Illuminate/Container/Container.php(653): Illuminate\\Container\\BoundMethod::call(Object(Illuminate\\Foundation\\Application), Array, Array, NULL)
#24 /Users/anushka/Desktop/Form-Forge/vendor/laravel/framework/src/Illuminate/Console/Command.php(136): Illuminate\\Container\\Container->call(Array)
#25 /Users/anushka/Desktop/Form-Forge/vendor/symfony/console/Command/Command.php(298): Illuminate\\Console\\Command->execute(Object(Symfony\\Component\\Console\\Input\\ArgvInput), Object(Illuminate\\Console\\OutputStyle))
#26 /Users/anushka/Desktop/Form-Forge/vendor/laravel/framework/src/Illuminate/Console/Command.php(120): Symfony\\Component\\Console\\Command\\Command->run(Object(Symfony\\Component\\Console\\Input\\ArgvInput), Object(Illuminate\\Console\\OutputStyle))
#27 /Users/anushka/Desktop/Form-Forge/vendor/symfony/console/Application.php(1040): Illuminate\\Console\\Command->run(Object(Symfony\\Component\\Console\\Input\\ArgvInput), Object(Symfony\\Component\\Console\\Output\\ConsoleOutput))
#28 /Users/anushka/Desktop/Form-Forge/vendor/symfony/console/Application.php(301): Symfony\\Component\\Console\\Application->doRunCommand(Object(Illuminate\\Database\\Console\\Migrations\\MigrateCommand), Object(Symfony\\Component\\Console\\Input\\ArgvInput), Object(Symfony\\Component\\Console\\Output\\ConsoleOutput))
#29 /Users/anushka/Desktop/Form-Forge/vendor/symfony/console/Application.php(171): Symfony\\Component\\Console\\Application->doRun(Object(Symfony\\Component\\Console\\Input\\ArgvInput), Object(Symfony\\Component\\Console\\Output\\ConsoleOutput))
#30 /Users/anushka/Desktop/Form-Forge/vendor/laravel/framework/src/Illuminate/Console/Application.php(94): Symfony\\Component\\Console\\Application->run(Object(Symfony\\Component\\Console\\Input\\ArgvInput), Object(Symfony\\Component\\Console\\Output\\ConsoleOutput))
#31 /Users/anushka/Desktop/Form-Forge/vendor/laravel/framework/src/Illuminate/Foundation/Console/Kernel.php(129): Illuminate\\Console\\Application->run(Object(Symfony\\Component\\Console\\Input\\ArgvInput), Object(Symfony\\Component\\Console\\Output\\ConsoleOutput))
#32 /Users/anushka/Desktop/Form-Forge/artisan(35): Illuminate\\Foundation\\Console\\Kernel->handle(Object(Symfony\\Component\\Console\\Input\\ArgvInput), Object(Symfony\\Component\\Console\\Output\\ConsoleOutput))
#33 {main}
"} 
[2026-08-05 13:10:17] laravel.EMERGENCY: Unable to create configured logger. Using emergency logger. {"exception":"[object] (InvalidArgumentException(code: 0): App\\Logging\\AzureBlobLogger must be an instance of Monolog\\Handler\\HandlerInterface at /Users/anushka/Desktop/Form-Forge/vendor/laravel/framework/src/Illuminate/Log/LogManager.php:372)
[stacktrace]
#0 /Users/anushka/Desktop/Form-Forge/vendor/laravel/framework/src/Illuminate/Log/LogManager.php(210): Illuminate\\Log\\LogManager->createMonologDriver(Array)
#1 /Users/anushka/Desktop/Form-Forge/vendor/laravel/framework/src/Illuminate/Log/LogManager.php(125): Illuminate\\Log\\LogManager->resolve('azure', Array)
#2 /Users/anushka/Desktop/Form-Forge/vendor/laravel/framework/src/Illuminate/Log/LogManager.php(112): Illuminate\\Log\\LogManager->get('azure')
#3 /Users/anushka/Desktop/Form-Forge/vendor/laravel/framework/src/Illuminate/Log/LogManager.php(101): Illuminate\\Log\\LogManager->driver('azure')
#4 /Users/anushka/Desktop/Form-Forge/vendor/laravel/framework/src/Illuminate/Log/LogManager.php(255): Illuminate\\Log\\LogManager->channel('azure')
#5 [internal function]: Illuminate\\Log\\LogManager->{closure:Illuminate\\Log\\LogManager::createStackDriver():252}('azure', 0)
#6 /Users/anushka/Desktop/Form-Forge/vendor/laravel/framework/src/Illuminate/Collections/Collection.php(695): array_map(Object(Closure), Array, Array)
#7 /Users/anushka/Desktop/Form-Forge/vendor/laravel/framework/src/Illuminate/Collections/Traits/EnumeratesValues.php(354): Illuminate\\Support\\Collection->map(Object(Closure))
#8 /Users/anushka/Desktop/Form-Forge/vendor/laravel/framework/src/Illuminate/Log/LogManager.php(252): Illuminate\\Support\\Collection->flatMap(Object(Closure))
#9 /Users/anushka/Desktop/Form-Forge/vendor/laravel/framework/src/Illuminate/Log/LogManager.php(210): Illuminate\\Log\\LogManager->createStackDriver(Array)
#10 /Users/anushka/Desktop/Form-Forge/vendor/laravel/framework/src/Illuminate/Log/LogManager.php(125): Illuminate\\Log\\LogManager->resolve('stack', Array)
#11 /Users/anushka/Desktop/Form-Forge/vendor/laravel/framework/src/Illuminate/Log/LogManager.php(112): Illuminate\\Log\\LogManager->get('stack')
#12 /Users/anushka/Desktop/Form-Forge/vendor/laravel/framework/src/Illuminate/Queue/QueueServiceProvider.php(200): Illuminate\\Log\\LogManager->driver()
#13 /Users/anushka/Desktop/Form-Forge/vendor/laravel/framework/src/Illuminate/Queue/Worker.php(152): Illuminate\\Queue\\QueueServiceProvider->{closure:{closure:Illuminate\\Queue\\QueueServiceProvider::registerWorker():194}:199}()
#14 /Users/anushka/Desktop/Form-Forge/vendor/laravel/framework/src/Illuminate/Queue/Console/WorkCommand.php(117): Illuminate\\Queue\\Worker->daemon('sync', 'default', Object(Illuminate\\Queue\\WorkerOptions))
#15 /Users/anushka/Desktop/Form-Forge/vendor/laravel/framework/src/Illuminate/Queue/Console/WorkCommand.php(100): Illuminate\\Queue\\Console\\WorkCommand->runWorker('sync', 'default')
#16 /Users/anushka/Desktop/Form-Forge/vendor/laravel/framework/src/Illuminate/Container/BoundMethod.php(36): Illuminate\\Queue\\Console\\WorkCommand->handle()
#17 /Users/anushka/Desktop/Form-Forge/vendor/laravel/framework/src/Illuminate/Container/Util.php(40): Illuminate\\Container\\BoundMethod::{closure:Illuminate\\Container\\BoundMethod::call():35}()
#18 /Users/anushka/Desktop/Form-Forge/vendor/laravel/framework/src/Illuminate/Container/BoundMethod.php(93): Illuminate\\Container\\Util::unwrapIfClosure(Object(Closure))
#19 /Users/anushka/Desktop/Form-Forge/vendor/laravel/framework/src/Illuminate/Container/BoundMethod.php(35): Illuminate\\Container\\BoundMethod::callBoundMethod(Object(Illuminate\\Foundation\\Application), Array, Object(Closure))
#20 /Users/anushka/Desktop/Form-Forge/vendor/laravel/framework/src/Illuminate/Container/Container.php(653): Illuminate\\Container\\BoundMethod::call(Object(Illuminate\\Foundation\\Application), Array, Array, NULL)
#21 /Users/anushka/Desktop/Form-Forge/vendor/laravel/framework/src/Illuminate/Console/Command.php(136): Illuminate\\Container\\Container->call(Array)
#22 /Users/anushka/Desktop/Form-Forge/vendor/symfony/console/Command/Command.php(298): Illuminate\\Console\\Command->execute(Object(Symfony\\Component\\Console\\Input\\ArgvInput), Object(Illuminate\\Console\\OutputStyle))
#23 /Users/anushka/Desktop/Form-Forge/vendor/laravel/framework/src/Illuminate/Console/Command.php(120): Symfony\\Component\\Console\\Command\\Command->run(Object(Symfony\\Component\\Console\\Input\\ArgvInput), Object(Illuminate\\Console\\OutputStyle))
#24 /Users/anushka/Desktop/Form-Forge/vendor/symfony/console/Application.php(1040): Illuminate\\Console\\Command->run(Object(Symfony\\Component\\Console\\Input\\ArgvInput), Object(Symfony\\Component\\Console\\Output\\ConsoleOutput))
#25 /Users/anushka/Desktop/Form-Forge/vendor/symfony/console/Application.php(301): Symfony\\Component\\Console\\Application->doRunCommand(Object(Illuminate\\Queue\\Console\\WorkCommand), Object(Symfony\\Component\\Console\\Input\\ArgvInput), Object(Symfony\\Component\\Console\\Output\\ConsoleOutput))
#26 /Users/anushka/Desktop/Form-Forge/vendor/symfony/console/Application.php(171): Symfony\\Component\\Console\\Application->doRun(Object(Symfony\\Component\\Console\\Input\\ArgvInput), Object(Symfony\\Component\\Console\\Output\\ConsoleOutput))
#27 /Users/anushka/Desktop/Form-Forge/vendor/laravel/framework/src/Illuminate/Console/Application.php(94): Symfony\\Component\\Console\\Application->run(Object(Symfony\\Component\\Console\\Input\\ArgvInput), Object(Symfony\\Component\\Console\\Output\\ConsoleOutput))
#28 /Users/anushka/Desktop/Form-Forge/vendor/laravel/framework/src/Illuminate/Foundation/Console/Kernel.php(129): Illuminate\\Console\\Application->run(Object(Symfony\\Component\\Console\\Input\\ArgvInput), Object(Symfony\\Component\\Console\\Output\\ConsoleOutput))
#29 /Users/anushka/Desktop/Form-Forge/artisan(35): Illuminate\\Foundation\\Console\\Kernel->handle(Object(Symfony\\Component\\Console\\Input\\ArgvInput), Object(Symfony\\Component\\Console\\Output\\ConsoleOutput))
#30 {main}
"} 
[2026-08-05 13:10:17] laravel.EMERGENCY: Unable to create configured logger. Using emergency logger. {"exception":"[object] (InvalidArgumentException(code: 0): App\\Logging\\AzureBlobLogger must be an instance of Monolog\\Handler\\HandlerInterface at /Users/anushka/Desktop/Form-Forge/vendor/laravel/framework/src/Illuminate/Log/LogManager.php:372)
[stacktrace]
#0 /Users/anushka/Desktop/Form-Forge/vendor/laravel/framework/src/Illuminate/Log/LogManager.php(210): Illuminate\\Log\\LogManager->createMonologDriver(Array)
#1 /Users/anushka/Desktop/Form-Forge/vendor/laravel/framework/src/Illuminate/Log/LogManager.php(125): Illuminate\\Log\\LogManager->resolve('azure', Array)
#2 /Users/anushka/Desktop/Form-Forge/vendor/laravel/framework/src/Illuminate/Log/LogManager.php(112): Illuminate\\Log\\LogManager->get('azure')
#3 /Users/anushka/Desktop/Form-Forge/vendor/laravel/framework/src/Illuminate/Log/LogManager.php(101): Illuminate\\Log\\LogManager->driver('azure')
#4 /Users/anushka/Desktop/Form-Forge/vendor/laravel/framework/src/Illuminate/Log/LogManager.php(261): Illuminate\\Log\\LogManager->channel('azure')
#5 [internal function]: Illuminate\\Log\\LogManager->{closure:Illuminate\\Log\\LogManager::createStackDriver():258}('azure', 0)
#6 /Users/anushka/Desktop/Form-Forge/vendor/laravel/framework/src/Illuminate/Collections/Collection.php(695): array_map(Object(Closure), Array, Array)
#7 /Users/anushka/Desktop/Form-Forge/vendor/laravel/framework/src/Illuminate/Collections/Traits/EnumeratesValues.php(354): Illuminate\\Support\\Collection->map(Object(Closure))
#8 /Users/anushka/Desktop/Form-Forge/vendor/laravel/framework/src/Illuminate/Log/LogManager.php(258): Illuminate\\Support\\Collection->flatMap(Object(Closure))
#9 /Users/anushka/Desktop/Form-Forge/vendor/laravel/framework/src/Illuminate/Log/LogManager.php(210): Illuminate\\Log\\LogManager->createStackDriver(Array)
#10 /Users/anushka/Desktop/Form-Forge/vendor/laravel/framework/src/Illuminate/Log/LogManager.php(125): Illuminate\\Log\\LogManager->resolve('stack', Array)
#11 /Users/anushka/Desktop/Form-Forge/vendor/laravel/framework/src/Illuminate/Log/LogManager.php(112): Illuminate\\Log\\LogManager->get('stack')
#12 /Users/anushka/Desktop/Form-Forge/vendor/laravel/framework/src/Illuminate/Queue/QueueServiceProvider.php(200): Illuminate\\Log\\LogManager->driver()
#13 /Users/anushka/Desktop/Form-Forge/vendor/laravel/framework/src/Illuminate/Queue/Worker.php(152): Illuminate\\Queue\\QueueServiceProvider->{closure:{closure:Illuminate\\Queue\\QueueServiceProvider::registerWorker():194}:199}()
#14 /Users/anushka/Desktop/Form-Forge/vendor/laravel/framework/src/Illuminate/Queue/Console/WorkCommand.php(117): Illuminate\\Queue\\Worker->daemon('sync', 'default', Object(Illuminate\\Queue\\WorkerOptions))
#15 /Users/anushka/Desktop/Form-Forge/vendor/laravel/framework/src/Illuminate/Queue/Console/WorkCommand.php(100): Illuminate\\Queue\\Console\\WorkCommand->runWorker('sync', 'default')
#16 /Users/anushka/Desktop/Form-Forge/vendor/laravel/framework/src/Illuminate/Container/BoundMethod.php(36): Illuminate\\Queue\\Console\\WorkCommand->handle()
#17 /Users/anushka/Desktop/Form-Forge/vendor/laravel/framework/src/Illuminate/Container/Util.php(40): Illuminate\\Container\\BoundMethod::{closure:Illuminate\\Container\\BoundMethod::call():35}()
#18 /Users/anushka/Desktop/Form-Forge/vendor/laravel/framework/src/Illuminate/Container/BoundMethod.php(93): Illuminate\\Container\\Util::unwrapIfClosure(Object(Closure))
#19 /Users/anushka/Desktop/Form-Forge/vendor/laravel/framework/src/Illuminate/Container/BoundMethod.php(35): Illuminate\\Container\\BoundMethod::callBoundMethod(Object(Illuminate\\Foundation\\Application), Array, Object(Closure))
#20 /Users/anushka/Desktop/Form-Forge/vendor/laravel/framework/src/Illuminate/Container/Container.php(653): Illuminate\\Container\\BoundMethod::call(Object(Illuminate\\Foundation\\Application), Array, Array, NULL)
#21 /Users/anushka/Desktop/Form-Forge/vendor/laravel/framework/src/Illuminate/Console/Command.php(136): Illuminate\\Container\\Container->call(Array)
#22 /Users/anushka/Desktop/Form-Forge/vendor/symfony/console/Command/Command.php(298): Illuminate\\Console\\Command->execute(Object(Symfony\\Component\\Console\\Input\\ArgvInput), Object(Illuminate\\Console\\OutputStyle))
#23 /Users/anushka/Desktop/Form-Forge/vendor/laravel/framework/src/Illuminate/Console/Command.php(120): Symfony\\Component\\Console\\Command\\Command->run(Object(Symfony\\Component\\Console\\Input\\ArgvInput), Object(Illuminate\\Console\\OutputStyle))
#24 /Users/anushka/Desktop/Form-Forge/vendor/symfony/console/Application.php(1040): Illuminate\\Console\\Command->run(Object(Symfony\\Component\\Console\\Input\\ArgvInput), Object(Symfony\\Component\\Console\\Output\\ConsoleOutput))
#25 /Users/anushka/Desktop/Form-Forge/vendor/symfony/console/Application.php(301): Symfony\\Component\\Console\\Application->doRunCommand(Object(Illuminate\\Queue\\Console\\WorkCommand), Object(Symfony\\Component\\Console\\Input\\ArgvInput), Object(Symfony\\Component\\Console\\Output\\ConsoleOutput))
#26 /Users/anushka/Desktop/Form-Forge/vendor/symfony/console/Application.php(171): Symfony\\Component\\Console\\Application->doRun(Object(Symfony\\Component\\Console\\Input\\ArgvInput), Object(Symfony\\Component\\Console\\Output\\ConsoleOutput))
#27 /Users/anushka/Desktop/Form-Forge/vendor/laravel/framework/src/Illuminate/Console/Application.php(94): Symfony\\Component\\Console\\Application->run(Object(Symfony\\Component\\Console\\Input\\ArgvInput), Object(Symfony\\Component\\Console\\Output\\ConsoleOutput))
#28 /Users/anushka/Desktop/Form-Forge/vendor/laravel/framework/src/Illuminate/Foundation/Console/Kernel.php(129): Illuminate\\Console\\Application->run(Object(Symfony\\Component\\Console\\Input\\ArgvInput), Object(Symfony\\Component\\Console\\Output\\ConsoleOutput))
#29 /Users/anushka/Desktop/Form-Forge/artisan(35): Illuminate\\Foundation\\Console\\Kernel->handle(Object(Symfony\\Component\\Console\\Input\\ArgvInput), Object(Symfony\\Component\\Console\\Output\\ConsoleOutput))
#30 {main}
"} 
[2026-08-05 13:16:51] laravel.EMERGENCY: Unable to create configured logger. Using emergency logger. {"exception":"[object] (InvalidArgumentException(code: 0): App\\Logging\\AzureBlobLogger must be an instance of Monolog\\Handler\\HandlerInterface at /Users/anushka/Desktop/Form-Forge/vendor/laravel/framework/src/Illuminate/Log/LogManager.php:372)
[stacktrace]
#0 /Users/anushka/Desktop/Form-Forge/vendor/laravel/framework/src/Illuminate/Log/LogManager.php(210): Illuminate\\Log\\LogManager->createMonologDriver(Array)
#1 /Users/anushka/Desktop/Form-Forge/vendor/laravel/framework/src/Illuminate/Log/LogManager.php(125): Illuminate\\Log\\LogManager->resolve('azure', Array)
#2 /Users/anushka/Desktop/Form-Forge/vendor/laravel/framework/src/Illuminate/Log/LogManager.php(112): Illuminate\\Log\\LogManager->get('azure')
#3 /Users/anushka/Desktop/Form-Forge/vendor/laravel/framework/src/Illuminate/Log/LogManager.php(101): Illuminate\\Log\\LogManager->driver('azure')
#4 /Users/anushka/Desktop/Form-Forge/vendor/laravel/framework/src/Illuminate/Log/LogManager.php(255): Illuminate\\Log\\LogManager->channel('azure')
#5 [internal function]: Illuminate\\Log\\LogManager->{closure:Illuminate\\Log\\LogManager::createStackDriver():252}('azure', 0)
#6 /Users/anushka/Desktop/Form-Forge/vendor/laravel/framework/src/Illuminate/Collections/Collection.php(695): array_map(Object(Closure), Array, Array)
#7 /Users/anushka/Desktop/Form-Forge/vendor/laravel/framework/src/Illuminate/Collections/Traits/EnumeratesValues.php(354): Illuminate\\Support\\Collection->map(Object(Closure))
#8 /Users/anushka/Desktop/Form-Forge/vendor/laravel/framework/src/Illuminate/Log/LogManager.php(252): Illuminate\\Support\\Collection->flatMap(Object(Closure))
#9 /Users/anushka/Desktop/Form-Forge/vendor/laravel/framework/src/Illuminate/Log/LogManager.php(210): Illuminate\\Log\\LogManager->createStackDriver(Array)
#10 /Users/anushka/Desktop/Form-Forge/vendor/laravel/framework/src/Illuminate/Log/LogManager.php(125): Illuminate\\Log\\LogManager->resolve('stack', Array)
#11 /Users/anushka/Desktop/Form-Forge/vendor/laravel/framework/src/Illuminate/Log/LogManager.php(112): Illuminate\\Log\\LogManager->get('stack')
#12 /Users/anushka/Desktop/Form-Forge/vendor/laravel/framework/src/Illuminate/Log/LogManager.php(590): Illuminate\\Log\\LogManager->driver()
#13 /Users/anushka/Desktop/Form-Forge/vendor/laravel/framework/src/Illuminate/Foundation/Exceptions/Handler.php(247): Illuminate\\Log\\LogManager->error('Call to undefin...', Array)
#14 /Users/anushka/Desktop/Form-Forge/vendor/laravel/framework/src/Illuminate/Routing/Pipeline.php(49): Illuminate\\Foundation\\Exceptions\\Handler->report(Object(Error))
#15 /Users/anushka/Desktop/Form-Forge/vendor/laravel/framework/src/Illuminate/Pipeline/Pipeline.php(130): Illuminate\\Routing\\Pipeline->handleException(Object(Illuminate\\Http\\Request), Object(Error))
#16 /Users/anushka/Desktop/Form-Forge/vendor/laravel/framework/src/Illuminate/Routing/Middleware/SubstituteBindings.php(50): Illuminate\\Pipeline\\Pipeline->{closure:Illuminate\\Pipeline\\Pipeline::prepareDestination():126}(Object(Illuminate\\Http\\Request))
#17 /Users/anushka/Desktop/Form-Forge/vendor/laravel/framework/src/Illuminate/Pipeline/Pipeline.php(167): Illuminate\\Routing\\Middleware\\SubstituteBindings->handle(Object(Illuminate\\Http\\Request), Object(Closure))
#18 /Users/anushka/Desktop/Form-Forge/vendor/laravel/framework/src/Illuminate/Foundation/Http/Middleware/VerifyCsrfToken.php(78): Illuminate\\Pipeline\\Pipeline->{closure:{closure:Illuminate\\Pipeline\\Pipeline::carry():142}:143}(Object(Illuminate\\Http\\Request))
#19 /Users/anushka/Desktop/Form-Forge/vendor/laravel/framework/src/Illuminate/Pipeline/Pipeline.php(167): Illuminate\\Foundation\\Http\\Middleware\\VerifyCsrfToken->handle(Object(Illuminate\\Http\\Request), Object(Closure))
#20 /Users/anushka/Desktop/Form-Forge/vendor/laravel/framework/src/Illuminate/View/Middleware/ShareErrorsFromSession.php(49): Illuminate\\Pipeline\\Pipeline->{closure:{closure:Illuminate\\Pipeline\\Pipeline::carry():142}:143}(Object(Illuminate\\Http\\Request))
#21 /Users/anushka/Desktop/Form-Forge/vendor/laravel/framework/src/Illuminate/Pipeline/Pipeline.php(167): Illuminate\\View\\Middleware\\ShareErrorsFromSession->handle(Object(Illuminate\\Http\\Request), Object(Closure))
#22 /Users/anushka/Desktop/Form-Forge/vendor/laravel/framework/src/Illuminate/Session/Middleware/StartSession.php(121): Illuminate\\Pipeline\\Pipeline->{closure:{closure:Illuminate\\Pipeline\\Pipeline::carry():142}:143}(Object(Illuminate\\Http\\Request))
#23 /Users/anushka/Desktop/Form-Forge/vendor/laravel/framework/src/Illuminate/Session/Middleware/StartSession.php(64): Illuminate\\Session\\Middleware\\StartSession->handleStatefulRequest(Object(Illuminate\\Http\\Request), Object(Illuminate\\Session\\Store), Object(Closure))
#24 /Users/anushka/Desktop/Form-Forge/vendor/laravel/framework/src/Illuminate/Pipeline/Pipeline.php(167): Illuminate\\Session\\Middleware\\StartSession->handle(Object(Illuminate\\Http\\Request), Object(Closure))
#25 /Users/anushka/Desktop/Form-Forge/vendor/laravel/framework/src/Illuminate/Cookie/Middleware/AddQueuedCookiesToResponse.php(37): Illuminate\\Pipeline\\Pipeline->{closure:{closure:Illuminate\\Pipeline\\Pipeline::carry():142}:143}(Object(Illuminate\\Http\\Request))
#26 /Users/anushka/Desktop/Form-Forge/vendor/laravel/framework/src/Illuminate/Pipeline/Pipeline.php(167): Illuminate\\Cookie\\Middleware\\AddQueuedCookiesToResponse->handle(Object(Illuminate\\Http\\Request), Object(Closure))
#27 /Users/anushka/Desktop/Form-Forge/vendor/laravel/framework/src/Illuminate/Cookie/Middleware/EncryptCookies.php(67): Illuminate\\Pipeline\\Pipeline->{closure:{closure:Illuminate\\Pipeline\\Pipeline::carry():142}:143}(Object(Illuminate\\Http\\Request))
#28 /Users/anushka/Desktop/Form-Forge/vendor/laravel/framework/src/Illuminate/Pipeline/Pipeline.php(167): Illuminate\\Cookie\\Middleware\\EncryptCookies->handle(Object(Illuminate\\Http\\Request), Object(Closure))
#29 /Users/anushka/Desktop/Form-Forge/vendor/laravel/framework/src/Illuminate/Pipeline/Pipeline.php(103): Illuminate\\Pipeline\\Pipeline->{closure:{closure:Illuminate\\Pipeline\\Pipeline::carry():142}:143}(Object(Illuminate\\Http\\Request))
#30 /Users/anushka/Desktop/Form-Forge/vendor/laravel/framework/src/Illuminate/Routing/Router.php(719): Illuminate\\Pipeline\\Pipeline->then(Object(Closure))
#31 /Users/anushka/Desktop/Form-Forge/vendor/laravel/framework/src/Illuminate/Routing/Router.php(698): Illuminate\\Routing\\Router->runRouteWithinStack(Object(Illuminate\\Routing\\Route), Object(Illuminate\\Http\\Request))
#32 /Users/anushka/Desktop/Form-Forge/vendor/laravel/framework/src/Illuminate/Routing/Router.php(662): Illuminate\\Routing\\Router->runRoute(Object(Illuminate\\Http\\Request), Object(Illuminate\\Routing\\Route))
#33 /Users/anushka/Desktop/Form-Forge/vendor/laravel/framework/src/Illuminate/Routing/Router.php(651): Illuminate\\Routing\\Router->dispatchToRoute(Object(Illuminate\\Http\\Request))
#34 /Users/anushka/Desktop/Form-Forge/vendor/laravel/framework/src/Illuminate/Foundation/Http/Kernel.php(167): Illuminate\\Routing\\Router->dispatch(Object(Illuminate\\Http\\Request))
#35 /Users/anushka/Desktop/Form-Forge/vendor/laravel/framework/src/Illuminate/Pipeline/Pipeline.php(128): Illuminate\\Foundation\\Http\\Kernel->{closure:Illuminate\\Foundation\\Http\\Kernel::dispatchToRouter():164}(Object(Illuminate\\Http\\Request))
#36 /Users/anushka/Desktop/Form-Forge/vendor/livewire/livewire/src/DisableBrowserCache.php(19): Illuminate\\Pipeline\\Pipeline->{closure:Illuminate\\Pipeline\\Pipeline::prepareDestination():126}(Object(Illuminate\\Http\\Request))
#37 /Users/anushka/Desktop/Form-Forge/vendor/laravel/framework/src/Illuminate/Pipeline/Pipeline.php(167): Livewire\\DisableBrowserCache->handle(Object(Illuminate\\Http\\Request), Object(Closure))
#38 /Users/anushka/Desktop/Form-Forge/vendor/laravel/framework/src/Illuminate/Foundation/Http/Middleware/TransformsRequest.php(21): Illuminate\\Pipeline\\Pipeline->{closure:{closure:Illuminate\\Pipeline\\Pipeline::carry():142}:143}(Object(Illuminate\\Http\\Request))
#39 /Users/anushka/Desktop/Form-Forge/vendor/laravel/framework/src/Illuminate/Foundation/Http/Middleware/ConvertEmptyStringsToNull.php(31): Illuminate\\Foundation\\Http\\Middleware\\TransformsRequest->handle(Object(Illuminate\\Http\\Request), Object(Closure))
#40 /Users/anushka/Desktop/Form-Forge/vendor/laravel/framework/src/Illuminate/Pipeline/Pipeline.php(167): Illuminate\\Foundation\\Http\\Middleware\\ConvertEmptyStringsToNull->handle(Object(Illuminate\\Http\\Request), Object(Closure))
#41 /Users/anushka/Desktop/Form-Forge/vendor/laravel/framework/src/Illuminate/Foundation/Http/Middleware/TransformsRequest.php(21): Illuminate\\Pipeline\\Pipeline->{closure:{closure:Illuminate\\Pipeline\\Pipeline::carry():142}:143}(Object(Illuminate\\Http\\Request))
#42 /Users/anushka/Desktop/Form-Forge/vendor/laravel/framework/src/Illuminate/Foundation/Http/Middleware/TrimStrings.php(40): Illuminate\\Foundation\\Http\\Middleware\\TransformsRequest->handle(Object(Illuminate\\Http\\Request), Object(Closure))
#43 /Users/anushka/Desktop/Form-Forge/vendor/laravel/framework/src/Illuminate/Pipeline/Pipeline.php(167): Illuminate\\Foundation\\Http\\Middleware\\TrimStrings->handle(Object(Illuminate\\Http\\Request), Object(Closure))
#44 /Users/anushka/Desktop/Form-Forge/vendor/laravel/framework/src/Illuminate/Foundation/Http/Middleware/ValidatePostSize.php(27): Illuminate\\Pipeline\\Pipeline->{closure:{closure:Illuminate\\Pipeline\\Pipeline::carry():142}:143}(Object(Illuminate\\Http\\Request))
#45 /Users/anushka/Desktop/Form-Forge/vendor/laravel/framework/src/Illuminate/Pipeline/Pipeline.php(167): Illuminate\\Foundation\\Http\\Middleware\\ValidatePostSize->handle(Object(Illuminate\\Http\\Request), Object(Closure))
#46 /Users/anushka/Desktop/Form-Forge/vendor/laravel/framework/src/Illuminate/Foundation/Http/Middleware/PreventRequestsDuringMaintenance.php(86): Illuminate\\Pipeline\\Pipeline->{closure:{closure:Illuminate\\Pipeline\\Pipeline::carry():142}:143}(Object(Illuminate\\Http\\Request))
#47 /Users/anushka/Desktop/Form-Forge/vendor/laravel/framework/src/Illuminate/Pipeline/Pipeline.php(167): Illuminate\\Foundation\\Http\\Middleware\\PreventRequestsDuringMaintenance->handle(Object(Illuminate\\Http\\Request), Object(Closure))
#48 /Users/anushka/Desktop/Form-Forge/vendor/fruitcake/laravel-cors/src/HandleCors.php(38): Illuminate\\Pipeline\\Pipeline->{closure:{closure:Illuminate\\Pipeline\\Pipeline::carry():142}:143}(Object(Illuminate\\Http\\Request))
#49 /Users/anushka/Desktop/Form-Forge/vendor/laravel/framework/src/Illuminate/Pipeline/Pipeline.php(167): Fruitcake\\Cors\\HandleCors->handle(Object(Illuminate\\Http\\Request), Object(Closure))
#50 /Users/anushka/Desktop/Form-Forge/vendor/laravel/framework/src/Illuminate/Http/Middleware/TrustProxies.php(39): Illuminate\\Pipeline\\Pipeline->{closure:{closure:Illuminate\\Pipeline\\Pipeline::carry():142}:143}(Object(Illuminate\\Http\\Request))
#51 /Users/anushka/Desktop/Form-Forge/vendor/laravel/framework/src/Illuminate/Pipeline/Pipeline.php(167): Illuminate\\Http\\Middleware\\TrustProxies->handle(Object(Illuminate\\Http\\Request), Object(Closure))
#52 /Users/anushka/Desktop/Form-Forge/vendor/laravel/framework/src/Illuminate/Pipeline/Pipeline.php(103): Illuminate\\Pipeline\\Pipeline->{closure:{closure:Illuminate\\Pipeline\\Pipeline::carry():142}:143}(Object(Illuminate\\Http\\Request))
#53 /Users/anushka/Desktop/Form-Forge/vendor/laravel/framework/src/Illuminate/Foundation/Http/Kernel.php(142): Illuminate\\Pipeline\\Pipeline->then(Object(Closure))
#54 /Users/anushka/Desktop/Form-Forge/vendor/laravel/framework/src/Illuminate/Foundation/Http/Kernel.php(111): Illuminate\\Foundation\\Http\\Kernel->sendRequestThroughRouter(Object(Illuminate\\Http\\Request))
#55 /Users/anushka/Desktop/Form-Forge/public/index.php(51): Illuminate\\Foundation\\Http\\Kernel->handle(Object(Illuminate\\Http\\Request))
#56 /Users/anushka/Desktop/Form-Forge/server.php(21): require_once('/Users/anushka/...')
#57 {main}
"} 
[2026-08-05 13:16:51] laravel.EMERGENCY: Unable to create configured logger. Using emergency logger. {"exception":"[object] (InvalidArgumentException(code: 0): App\\Logging\\AzureBlobLogger must be an instance of Monolog\\Handler\\HandlerInterface at /Users/anushka/Desktop/Form-Forge/vendor/laravel/framework/src/Illuminate/Log/LogManager.php:372)
[stacktrace]
#0 /Users/anushka/Desktop/Form-Forge/vendor/laravel/framework/src/Illuminate/Log/LogManager.php(210): Illuminate\\Log\\LogManager->createMonologDriver(Array)
#1 /Users/anushka/Desktop/Form-Forge/vendor/laravel/framework/src/Illuminate/Log/LogManager.php(125): Illuminate\\Log\\LogManager->resolve('azure', Array)
#2 /Users/anushka/Desktop/Form-Forge/vendor/laravel/framework/src/Illuminate/Log/LogManager.php(112): Illuminate\\Log\\LogManager->get('azure')
#3 /Users/anushka/Desktop/Form-Forge/vendor/laravel/framework/src/Illuminate/Log/LogManager.php(101): Illuminate\\Log\\LogManager->driver('azure')
#4 /Users/anushka/Desktop/Form-Forge/vendor/laravel/framework/src/Illuminate/Log/LogManager.php(261): Illuminate\\Log\\LogManager->channel('azure')
#5 [internal function]: Illuminate\\Log\\LogManager->{closure:Illuminate\\Log\\LogManager::createStackDriver():258}('azure', 0)
#6 /Users/anushka/Desktop/Form-Forge/vendor/laravel/framework/src/Illuminate/Collections/Collection.php(695): array_map(Object(Closure), Array, Array)
#7 /Users/anushka/Desktop/Form-Forge/vendor/laravel/framework/src/Illuminate/Collections/Traits/EnumeratesValues.php(354): Illuminate\\Support\\Collection->map(Object(Closure))
#8 /Users/anushka/Desktop/Form-Forge/vendor/laravel/framework/src/Illuminate/Log/LogManager.php(258): Illuminate\\Support\\Collection->flatMap(Object(Closure))
#9 /Users/anushka/Desktop/Form-Forge/vendor/laravel/framework/src/Illuminate/Log/LogManager.php(210): Illuminate\\Log\\LogManager->createStackDriver(Array)
#10 /Users/anushka/Desktop/Form-Forge/vendor/laravel/framework/src/Illuminate/Log/LogManager.php(125): Illuminate\\Log\\LogManager->resolve('stack', Array)
#11 /Users/anushka/Desktop/Form-Forge/vendor/laravel/framework/src/Illuminate/Log/LogManager.php(112): Illuminate\\Log\\LogManager->get('stack')
#12 /Users/anushka/Desktop/Form-Forge/vendor/laravel/framework/src/Illuminate/Log/LogManager.php(590): Illuminate\\Log\\LogManager->driver()
#13 /Users/anushka/Desktop/Form-Forge/vendor/laravel/framework/src/Illuminate/Foundation/Exceptions/Handler.php(247): Illuminate\\Log\\LogManager->error('Call to undefin...', Array)
#14 /Users/anushka/Desktop/Form-Forge/vendor/laravel/framework/src/Illuminate/Routing/Pipeline.php(49): Illuminate\\Foundation\\Exceptions\\Handler->report(Object(Error))
#15 /Users/anushka/Desktop/Form-Forge/vendor/laravel/framework/src/Illuminate/Pipeline/Pipeline.php(130): Illuminate\\Routing\\Pipeline->handleException(Object(Illuminate\\Http\\Request), Object(Error))
#16 /Users/anushka/Desktop/Form-Forge/vendor/laravel/framework/src/Illuminate/Routing/Middleware/SubstituteBindings.php(50): Illuminate\\Pipeline\\Pipeline->{closure:Illuminate\\Pipeline\\Pipeline::prepareDestination():126}(Object(Illuminate\\Http\\Request))
#17 /Users/anushka/Desktop/Form-Forge/vendor/laravel/framework/src/Illuminate/Pipeline/Pipeline.php(167): Illuminate\\Routing\\Middleware\\SubstituteBindings->handle(Object(Illuminate\\Http\\Request), Object(Closure))
#18 /Users/anushka/Desktop/Form-Forge/vendor/laravel/framework/src/Illuminate/Foundation/Http/Middleware/VerifyCsrfToken.php(78): Illuminate\\Pipeline\\Pipeline->{closure:{closure:Illuminate\\Pipeline\\Pipeline::carry():142}:143}(Object(Illuminate\\Http\\Request))
#19 /Users/anushka/Desktop/Form-Forge/vendor/laravel/framework/src/Illuminate/Pipeline/Pipeline.php(167): Illuminate\\Foundation\\Http\\Middleware\\VerifyCsrfToken->handle(Object(Illuminate\\Http\\Request), Object(Closure))
#20 /Users/anushka/Desktop/Form-Forge/vendor/laravel/framework/src/Illuminate/View/Middleware/ShareErrorsFromSession.php(49): Illuminate\\Pipeline\\Pipeline->{closure:{closure:Illuminate\\Pipeline\\Pipeline::carry():142}:143}(Object(Illuminate\\Http\\Request))
#21 /Users/anushka/Desktop/Form-Forge/vendor/laravel/framework/src/Illuminate/Pipeline/Pipeline.php(167): Illuminate\\View\\Middleware\\ShareErrorsFromSession->handle(Object(Illuminate\\Http\\Request), Object(Closure))
#22 /Users/anushka/Desktop/Form-Forge/vendor/laravel/framework/src/Illuminate/Session/Middleware/StartSession.php(121): Illuminate\\Pipeline\\Pipeline->{closure:{closure:Illuminate\\Pipeline\\Pipeline::carry():142}:143}(Object(Illuminate\\Http\\Request))
#23 /Users/anushka/Desktop/Form-Forge/vendor/laravel/framework/src/Illuminate/Session/Middleware/StartSession.php(64): Illuminate\\Session\\Middleware\\StartSession->handleStatefulRequest(Object(Illuminate\\Http\\Request), Object(Illuminate\\Session\\Store), Object(Closure))
#24 /Users/anushka/Desktop/Form-Forge/vendor/laravel/framework/src/Illuminate/Pipeline/Pipeline.php(167): Illuminate\\Session\\Middleware\\StartSession->handle(Object(Illuminate\\Http\\Request), Object(Closure))
#25 /Users/anushka/Desktop/Form-Forge/vendor/laravel/framework/src/Illuminate/Cookie/Middleware/AddQueuedCookiesToResponse.php(37): Illuminate\\Pipeline\\Pipeline->{closure:{closure:Illuminate\\Pipeline\\Pipeline::carry():142}:143}(Object(Illuminate\\Http\\Request))
#26 /Users/anushka/Desktop/Form-Forge/vendor/laravel/framework/src/Illuminate/Pipeline/Pipeline.php(167): Illuminate\\Cookie\\Middleware\\AddQueuedCookiesToResponse->handle(Object(Illuminate\\Http\\Request), Object(Closure))
#27 /Users/anushka/Desktop/Form-Forge/vendor/laravel/framework/src/Illuminate/Cookie/Middleware/EncryptCookies.php(67): Illuminate\\Pipeline\\Pipeline->{closure:{closure:Illuminate\\Pipeline\\Pipeline::carry():142}:143}(Object(Illuminate\\Http\\Request))
#28 /Users/anushka/Desktop/Form-Forge/vendor/laravel/framework/src/Illuminate/Pipeline/Pipeline.php(167): Illuminate\\Cookie\\Middleware\\EncryptCookies->handle(Object(Illuminate\\Http\\Request), Object(Closure))
#29 /Users/anushka/Desktop/Form-Forge/vendor/laravel/framework/src/Illuminate/Pipeline/Pipeline.php(103): Illuminate\\Pipeline\\Pipeline->{closure:{closure:Illuminate\\Pipeline\\Pipeline::carry():142}:143}(Object(Illuminate\\Http\\Request))
#30 /Users/anushka/Desktop/Form-Forge/vendor/laravel/framework/src/Illuminate/Routing/Router.php(719): Illuminate\\Pipeline\\Pipeline->then(Object(Closure))
#31 /Users/anushka/Desktop/Form-Forge/vendor/laravel/framework/src/Illuminate/Routing/Router.php(698): Illuminate\\Routing\\Router->runRouteWithinStack(Object(Illuminate\\Routing\\Route), Object(Illuminate\\Http\\Request))
#32 /Users/anushka/Desktop/Form-Forge/vendor/laravel/framework/src/Illuminate/Routing/Router.php(662): Illuminate\\Routing\\Router->runRoute(Object(Illuminate\\Http\\Request), Object(Illuminate\\Routing\\Route))
#33 /Users/anushka/Desktop/Form-Forge/vendor/laravel/framework/src/Illuminate/Routing/Router.php(651): Illuminate\\Routing\\Router->dispatchToRoute(Object(Illuminate\\Http\\Request))
#34 /Users/anushka/Desktop/Form-Forge/vendor/laravel/framework/src/Illuminate/Foundation/Http/Kernel.php(167): Illuminate\\Routing\\Router->dispatch(Object(Illuminate\\Http\\Request))
#35 /Users/anushka/Desktop/Form-Forge/vendor/laravel/framework/src/Illuminate/Pipeline/Pipeline.php(128): Illuminate\\Foundation\\Http\\Kernel->{closure:Illuminate\\Foundation\\Http\\Kernel::dispatchToRouter():164}(Object(Illuminate\\Http\\Request))
#36 /Users/anushka/Desktop/Form-Forge/vendor/livewire/livewire/src/DisableBrowserCache.php(19): Illuminate\\Pipeline\\Pipeline->{closure:Illuminate\\Pipeline\\Pipeline::prepareDestination():126}(Object(Illuminate\\Http\\Request))
#37 /Users/anushka/Desktop/Form-Forge/vendor/laravel/framework/src/Illuminate/Pipeline/Pipeline.php(167): Livewire\\DisableBrowserCache->handle(Object(Illuminate\\Http\\Request), Object(Closure))
#38 /Users/anushka/Desktop/Form-Forge/vendor/laravel/framework/src/Illuminate/Foundation/Http/Middleware/TransformsRequest.php(21): Illuminate\\Pipeline\\Pipeline->{closure:{closure:Illuminate\\Pipeline\\Pipeline::carry():142}:143}(Object(Illuminate\\Http\\Request))
#39 /Users/anushka/Desktop/Form-Forge/vendor/laravel/framework/src/Illuminate/Foundation/Http/Middleware/ConvertEmptyStringsToNull.php(31): Illuminate\\Foundation\\Http\\Middleware\\TransformsRequest->handle(Object(Illuminate\\Http\\Request), Object(Closure))
#40 /Users/anushka/Desktop/Form-Forge/vendor/laravel/framework/src/Illuminate/Pipeline/Pipeline.php(167): Illuminate\\Foundation\\Http\\Middleware\\ConvertEmptyStringsToNull->handle(Object(Illuminate\\Http\\Request), Object(Closure))
#41 /Users/anushka/Desktop/Form-Forge/vendor/laravel/framework/src/Illuminate/Foundation/Http/Middleware/TransformsRequest.php(21): Illuminate\\Pipeline\\Pipeline->{closure:{closure:Illuminate\\Pipeline\\Pipeline::carry():142}:143}(Object(Illuminate\\Http\\Request))
#42 /Users/anushka/Desktop/Form-Forge/vendor/laravel/framework/src/Illuminate/Foundation/Http/Middleware/TrimStrings.php(40): Illuminate\\Foundation\\Http\\Middleware\\TransformsRequest->handle(Object(Illuminate\\Http\\Request), Object(Closure))
#43 /Users/anushka/Desktop/Form-Forge/vendor/laravel/framework/src/Illuminate/Pipeline/Pipeline.php(167): Illuminate\\Foundation\\Http\\Middleware\\TrimStrings->handle(Object(Illuminate\\Http\\Request), Object(Closure))
#44 /Users/anushka/Desktop/Form-Forge/vendor/laravel/framework/src/Illuminate/Foundation/Http/Middleware/ValidatePostSize.php(27): Illuminate\\Pipeline\\Pipeline->{closure:{closure:Illuminate\\Pipeline\\Pipeline::carry():142}:143}(Object(Illuminate\\Http\\Request))
#45 /Users/anushka/Desktop/Form-Forge/vendor/laravel/framework/src/Illuminate/Pipeline/Pipeline.php(167): Illuminate\\Foundation\\Http\\Middleware\\ValidatePostSize->handle(Object(Illuminate\\Http\\Request), Object(Closure))
#46 /Users/anushka/Desktop/Form-Forge/vendor/laravel/framework/src/Illuminate/Foundation/Http/Middleware/PreventRequestsDuringMaintenance.php(86): Illuminate\\Pipeline\\Pipeline->{closure:{closure:Illuminate\\Pipeline\\Pipeline::carry():142}:143}(Object(Illuminate\\Http\\Request))
#47 /Users/anushka/Desktop/Form-Forge/vendor/laravel/framework/src/Illuminate/Pipeline/Pipeline.php(167): Illuminate\\Foundation\\Http\\Middleware\\PreventRequestsDuringMaintenance->handle(Object(Illuminate\\Http\\Request), Object(Closure))
#48 /Users/anushka/Desktop/Form-Forge/vendor/fruitcake/laravel-cors/src/HandleCors.php(38): Illuminate\\Pipeline\\Pipeline->{closure:{closure:Illuminate\\Pipeline\\Pipeline::carry():142}:143}(Object(Illuminate\\Http\\Request))
#49 /Users/anushka/Desktop/Form-Forge/vendor/laravel/framework/src/Illuminate/Pipeline/Pipeline.php(167): Fruitcake\\Cors\\HandleCors->handle(Object(Illuminate\\Http\\Request), Object(Closure))
#50 /Users/anushka/Desktop/Form-Forge/vendor/laravel/framework/src/Illuminate/Http/Middleware/TrustProxies.php(39): Illuminate\\Pipeline\\Pipeline->{closure:{closure:Illuminate\\Pipeline\\Pipeline::carry():142}:143}(Object(Illuminate\\Http\\Request))
#51 /Users/anushka/Desktop/Form-Forge/vendor/laravel/framework/src/Illuminate/Pipeline/Pipeline.php(167): Illuminate\\Http\\Middleware\\TrustProxies->handle(Object(Illuminate\\Http\\Request), Object(Closure))
#52 /Users/anushka/Desktop/Form-Forge/vendor/laravel/framework/src/Illuminate/Pipeline/Pipeline.php(103): Illuminate\\Pipeline\\Pipeline->{closure:{closure:Illuminate\\Pipeline\\Pipeline::carry():142}:143}(Object(Illuminate\\Http\\Request))
#53 /Users/anushka/Desktop/Form-Forge/vendor/laravel/framework/src/Illuminate/Foundation/Http/Kernel.php(142): Illuminate\\Pipeline\\Pipeline->then(Object(Closure))
#54 /Users/anushka/Desktop/Form-Forge/vendor/laravel/framework/src/Illuminate/Foundation/Http/Kernel.php(111): Illuminate\\Foundation\\Http\\Kernel->sendRequestThroughRouter(Object(Illuminate\\Http\\Request))
#55 /Users/anushka/Desktop/Form-Forge/public/index.php(51): Illuminate\\Foundation\\Http\\Kernel->handle(Object(Illuminate\\Http\\Request))
#56 /Users/anushka/Desktop/Form-Forge/server.php(21): require_once('/Users/anushka/...')
#57 {main}
"} 
[2026-08-05 13:16:51] local.ERROR: Call to undefined function App\Http\Controllers\str() {"exception":"[object] (Error(code: 0): Call to undefined function App\\Http\\Controllers\\str() at /Users/anushka/Desktop/Form-Forge/app/Http/Controllers/FormController.php:52)
[stacktrace]
#0 /Users/anushka/Desktop/Form-Forge/vendor/laravel/framework/src/Illuminate/Routing/Controller.php(54): App\\Http\\Controllers\\FormController->exportSubmissions(Object(App\\Models\\Form))
#1 /Users/anushka/Desktop/Form-Forge/vendor/laravel/framework/src/Illuminate/Routing/ControllerDispatcher.php(45): Illuminate\\Routing\\Controller->callAction('exportSubmissio...', Array)
#2 /Users/anushka/Desktop/Form-Forge/vendor/laravel/framework/src/Illuminate/Routing/Route.php(261): Illuminate\\Routing\\ControllerDispatcher->dispatch(Object(Illuminate\\Routing\\Route), Object(App\\Http\\Controllers\\FormController), 'exportSubmissio...')
#3 /Users/anushka/Desktop/Form-Forge/vendor/laravel/framework/src/Illuminate/Routing/Route.php(205): Illuminate\\Routing\\Route->runController()
#4 /Users/anushka/Desktop/Form-Forge/vendor/laravel/framework/src/Illuminate/Routing/Router.php(721): Illuminate\\Routing\\Route->run()
#5 /Users/anushka/Desktop/Form-Forge/vendor/laravel/framework/src/Illuminate/Pipeline/Pipeline.php(128): Illuminate\\Routing\\Router->{closure:Illuminate\\Routing\\Router::runRouteWithinStack():719}(Object(Illuminate\\Http\\Request))
#6 /Users/anushka/Desktop/Form-Forge/vendor/laravel/framework/src/Illuminate/Routing/Middleware/SubstituteBindings.php(50): Illuminate\\Pipeline\\Pipeline->{closure:Illuminate\\Pipeline\\Pipeline::prepareDestination():126}(Object(Illuminate\\Http\\Request))
#7 /Users/anushka/Desktop/Form-Forge/vendor/laravel/framework/src/Illuminate/Pipeline/Pipeline.php(167): Illuminate\\Routing\\Middleware\\SubstituteBindings->handle(Object(Illuminate\\Http\\Request), Object(Closure))
#8 /Users/anushka/Desktop/Form-Forge/vendor/laravel/framework/src/Illuminate/Foundation/Http/Middleware/VerifyCsrfToken.php(78): Illuminate\\Pipeline\\Pipeline->{closure:{closure:Illuminate\\Pipeline\\Pipeline::carry():142}:143}(Object(Illuminate\\Http\\Request))
#9 /Users/anushka/Desktop/Form-Forge/vendor/laravel/framework/src/Illuminate/Pipeline/Pipeline.php(167): Illuminate\\Foundation\\Http\\Middleware\\VerifyCsrfToken->handle(Object(Illuminate\\Http\\Request), Object(Closure))
#10 /Users/anushka/Desktop/Form-Forge/vendor/laravel/framework/src/Illuminate/View/Middleware/ShareErrorsFromSession.php(49): Illuminate\\Pipeline\\Pipeline->{closure:{closure:Illuminate\\Pipeline\\Pipeline::carry():142}:143}(Object(Illuminate\\Http\\Request))
#11 /Users/anushka/Desktop/Form-Forge/vendor/laravel/framework/src/Illuminate/Pipeline/Pipeline.php(167): Illuminate\\View\\Middleware\\ShareErrorsFromSession->handle(Object(Illuminate\\Http\\Request), Object(Closure))
#12 /Users/anushka/Desktop/Form-Forge/vendor/laravel/framework/src/Illuminate/Session/Middleware/StartSession.php(121): Illuminate\\Pipeline\\Pipeline->{closure:{closure:Illuminate\\Pipeline\\Pipeline::carry():142}:143}(Object(Illuminate\\Http\\Request))
#13 /Users/anushka/Desktop/Form-Forge/vendor/laravel/framework/src/Illuminate/Session/Middleware/StartSession.php(64): Illuminate\\Session\\Middleware\\StartSession->handleStatefulRequest(Object(Illuminate\\Http\\Request), Object(Illuminate\\Session\\Store), Object(Closure))
#14 /Users/anushka/Desktop/Form-Forge/vendor/laravel/framework/src/Illuminate/Pipeline/Pipeline.php(167): Illuminate\\Session\\Middleware\\StartSession->handle(Object(Illuminate\\Http\\Request), Object(Closure))
#15 /Users/anushka/Desktop/Form-Forge/vendor/laravel/framework/src/Illuminate/Cookie/Middleware/AddQueuedCookiesToResponse.php(37): Illuminate\\Pipeline\\Pipeline->{closure:{closure:Illuminate\\Pipeline\\Pipeline::carry():142}:143}(Object(Illuminate\\Http\\Request))
#16 /Users/anushka/Desktop/Form-Forge/vendor/laravel/framework/src/Illuminate/Pipeline/Pipeline.php(167): Illuminate\\Cookie\\Middleware\\AddQueuedCookiesToResponse->handle(Object(Illuminate\\Http\\Request), Object(Closure))
#17 /Users/anushka/Desktop/Form-Forge/vendor/laravel/framework/src/Illuminate/Cookie/Middleware/EncryptCookies.php(67): Illuminate\\Pipeline\\Pipeline->{closure:{closure:Illuminate\\Pipeline\\Pipeline::carry():142}:143}(Object(Illuminate\\Http\\Request))
#18 /Users/anushka/Desktop/Form-Forge/vendor/laravel/framework/src/Illuminate/Pipeline/Pipeline.php(167): Illuminate\\Cookie\\Middleware\\EncryptCookies->handle(Object(Illuminate\\Http\\Request), Object(Closure))
#19 /Users/anushka/Desktop/Form-Forge/vendor/laravel/framework/src/Illuminate/Pipeline/Pipeline.php(103): Illuminate\\Pipeline\\Pipeline->{closure:{closure:Illuminate\\Pipeline\\Pipeline::carry():142}:143}(Object(Illuminate\\Http\\Request))
#20 /Users/anushka/Desktop/Form-Forge/vendor/laravel/framework/src/Illuminate/Routing/Router.php(719): Illuminate\\Pipeline\\Pipeline->then(Object(Closure))
#21 /Users/anushka/Desktop/Form-Forge/vendor/laravel/framework/src/Illuminate/Routing/Router.php(698): Illuminate\\Routing\\Router->runRouteWithinStack(Object(Illuminate\\Routing\\Route), Object(Illuminate\\Http\\Request))
#22 /Users/anushka/Desktop/Form-Forge/vendor/laravel/framework/src/Illuminate/Routing/Router.php(662): Illuminate\\Routing\\Router->runRoute(Object(Illuminate\\Http\\Request), Object(Illuminate\\Routing\\Route))
#23 /Users/anushka/Desktop/Form-Forge/vendor/laravel/framework/src/Illuminate/Routing/Router.php(651): Illuminate\\Routing\\Router->dispatchToRoute(Object(Illuminate\\Http\\Request))
#24 /Users/anushka/Desktop/Form-Forge/vendor/laravel/framework/src/Illuminate/Foundation/Http/Kernel.php(167): Illuminate\\Routing\\Router->dispatch(Object(Illuminate\\Http\\Request))
#25 /Users/anushka/Desktop/Form-Forge/vendor/laravel/framework/src/Illuminate/Pipeline/Pipeline.php(128): Illuminate\\Foundation\\Http\\Kernel->{closure:Illuminate\\Foundation\\Http\\Kernel::dispatchToRouter():164}(Object(Illuminate\\Http\\Request))
#26 /Users/anushka/Desktop/Form-Forge/vendor/livewire/livewire/src/DisableBrowserCache.php(19): Illuminate\\Pipeline\\Pipeline->{closure:Illuminate\\Pipeline\\Pipeline::prepareDestination():126}(Object(Illuminate\\Http\\Request))
#27 /Users/anushka/Desktop/Form-Forge/vendor/laravel/framework/src/Illuminate/Pipeline/Pipeline.php(167): Livewire\\DisableBrowserCache->handle(Object(Illuminate\\Http\\Request), Object(Closure))
#28 /Users/anushka/Desktop/Form-Forge/vendor/laravel/framework/src/Illuminate/Foundation/Http/Middleware/TransformsRequest.php(21): Illuminate\\Pipeline\\Pipeline->{closure:{closure:Illuminate\\Pipeline\\Pipeline::carry():142}:143}(Object(Illuminate\\Http\\Request))
#29 /Users/anushka/Desktop/Form-Forge/vendor/laravel/framework/src/Illuminate/Foundation/Http/Middleware/ConvertEmptyStringsToNull.php(31): Illuminate\\Foundation\\Http\\Middleware\\TransformsRequest->handle(Object(Illuminate\\Http\\Request), Object(Closure))
#30 /Users/anushka/Desktop/Form-Forge/vendor/laravel/framework/src/Illuminate/Pipeline/Pipeline.php(167): Illuminate\\Foundation\\Http\\Middleware\\ConvertEmptyStringsToNull->handle(Object(Illuminate\\Http\\Request), Object(Closure))
#31 /Users/anushka/Desktop/Form-Forge/vendor/laravel/framework/src/Illuminate/Foundation/Http/Middleware/TransformsRequest.php(21): Illuminate\\Pipeline\\Pipeline->{closure:{closure:Illuminate\\Pipeline\\Pipeline::carry():142}:143}(Object(Illuminate\\Http\\Request))
#32 /Users/anushka/Desktop/Form-Forge/vendor/laravel/framework/src/Illuminate/Foundation/Http/Middleware/TrimStrings.php(40): Illuminate\\Foundation\\Http\\Middleware\\TransformsRequest->handle(Object(Illuminate\\Http\\Request), Object(Closure))
#33 /Users/anushka/Desktop/Form-Forge/vendor/laravel/framework/src/Illuminate/Pipeline/Pipeline.php(167): Illuminate\\Foundation\\Http\\Middleware\\TrimStrings->handle(Object(Illuminate\\Http\\Request), Object(Closure))
#34 /Users/anushka/Desktop/Form-Forge/vendor/laravel/framework/src/Illuminate/Foundation/Http/Middleware/ValidatePostSize.php(27): Illuminate\\Pipeline\\Pipeline->{closure:{closure:Illuminate\\Pipeline\\Pipeline::carry():142}:143}(Object(Illuminate\\Http\\Request))
#35 /Users/anushka/Desktop/Form-Forge/vendor/laravel/framework/src/Illuminate/Pipeline/Pipeline.php(167): Illuminate\\Foundation\\Http\\Middleware\\ValidatePostSize->handle(Object(Illuminate\\Http\\Request), Object(Closure))
#36 /Users/anushka/Desktop/Form-Forge/vendor/laravel/framework/src/Illuminate/Foundation/Http/Middleware/PreventRequestsDuringMaintenance.php(86): Illuminate\\Pipeline\\Pipeline->{closure:{closure:Illuminate\\Pipeline\\Pipeline::carry():142}:143}(Object(Illuminate\\Http\\Request))
#37 /Users/anushka/Desktop/Form-Forge/vendor/laravel/framework/src/Illuminate/Pipeline/Pipeline.php(167): Illuminate\\Foundation\\Http\\Middleware\\PreventRequestsDuringMaintenance->handle(Object(Illuminate\\Http\\Request), Object(Closure))
#38 /Users/anushka/Desktop/Form-Forge/vendor/fruitcake/laravel-cors/src/HandleCors.php(38): Illuminate\\Pipeline\\Pipeline->{closure:{closure:Illuminate\\Pipeline\\Pipeline::carry():142}:143}(Object(Illuminate\\Http\\Request))
#39 /Users/anushka/Desktop/Form-Forge/vendor/laravel/framework/src/Illuminate/Pipeline/Pipeline.php(167): Fruitcake\\Cors\\HandleCors->handle(Object(Illuminate\\Http\\Request), Object(Closure))
#40 /Users/anushka/Desktop/Form-Forge/vendor/laravel/framework/src/Illuminate/Http/Middleware/TrustProxies.php(39): Illuminate\\Pipeline\\Pipeline->{closure:{closure:Illuminate\\Pipeline\\Pipeline::carry():142}:143}(Object(Illuminate\\Http\\Request))
#41 /Users/anushka/Desktop/Form-Forge/vendor/laravel/framework/src/Illuminate/Pipeline/Pipeline.php(167): Illuminate\\Http\\Middleware\\TrustProxies->handle(Object(Illuminate\\Http\\Request), Object(Closure))
#42 /Users/anushka/Desktop/Form-Forge/vendor/laravel/framework/src/Illuminate/Pipeline/Pipeline.php(103): Illuminate\\Pipeline\\Pipeline->{closure:{closure:Illuminate\\Pipeline\\Pipeline::carry():142}:143}(Object(Illuminate\\Http\\Request))
#43 /Users/anushka/Desktop/Form-Forge/vendor/laravel/framework/src/Illuminate/Foundation/Http/Kernel.php(142): Illuminate\\Pipeline\\Pipeline->then(Object(Closure))
#44 /Users/anushka/Desktop/Form-Forge/vendor/laravel/framework/src/Illuminate/Foundation/Http/Kernel.php(111): Illuminate\\Foundation\\Http\\Kernel->sendRequestThroughRouter(Object(Illuminate\\Http\\Request))
#45 /Users/anushka/Desktop/Form-Forge/public/index.php(51): Illuminate\\Foundation\\Http\\Kernel->handle(Object(Illuminate\\Http\\Request))
#46 /Users/anushka/Desktop/Form-Forge/server.php(21): require_once('/Users/anushka/...')
#47 {main}
"} 
[2026-08-05 14:14:19] laravel.EMERGENCY: Unable to create configured logger. Using emergency logger. {"exception":"[object] (InvalidArgumentException(code: 0): App\\Logging\\AzureBlobLogger must be an instance of Monolog\\Handler\\HandlerInterface at /Users/anushka/Desktop/Form-Forge/vendor/laravel/framework/src/Illuminate/Log/LogManager.php:372)
[stacktrace]
#0 /Users/anushka/Desktop/Form-Forge/vendor/laravel/framework/src/Illuminate/Log/LogManager.php(210): Illuminate\\Log\\LogManager->createMonologDriver(Array)
#1 /Users/anushka/Desktop/Form-Forge/vendor/laravel/framework/src/Illuminate/Log/LogManager.php(125): Illuminate\\Log\\LogManager->resolve('azure', Array)
#2 /Users/anushka/Desktop/Form-Forge/vendor/laravel/framework/src/Illuminate/Log/LogManager.php(112): Illuminate\\Log\\LogManager->get('azure')
#3 /Users/anushka/Desktop/Form-Forge/vendor/laravel/framework/src/Illuminate/Log/LogManager.php(101): Illuminate\\Log\\LogManager->driver('azure')
#4 /Users/anushka/Desktop/Form-Forge/vendor/laravel/framework/src/Illuminate/Log/LogManager.php(255): Illuminate\\Log\\LogManager->channel('azure')
#5 [internal function]: Illuminate\\Log\\LogManager->{closure:Illuminate\\Log\\LogManager::createStackDriver():252}('azure', 0)
#6 /Users/anushka/Desktop/Form-Forge/vendor/laravel/framework/src/Illuminate/Collections/Collection.php(695): array_map(Object(Closure), Array, Array)
#7 /Users/anushka/Desktop/Form-Forge/vendor/laravel/framework/src/Illuminate/Collections/Traits/EnumeratesValues.php(354): Illuminate\\Support\\Collection->map(Object(Closure))
#8 /Users/anushka/Desktop/Form-Forge/vendor/laravel/framework/src/Illuminate/Log/LogManager.php(252): Illuminate\\Support\\Collection->flatMap(Object(Closure))
#9 /Users/anushka/Desktop/Form-Forge/vendor/laravel/framework/src/Illuminate/Log/LogManager.php(210): Illuminate\\Log\\LogManager->createStackDriver(Array)
#10 /Users/anushka/Desktop/Form-Forge/vendor/laravel/framework/src/Illuminate/Log/LogManager.php(125): Illuminate\\Log\\LogManager->resolve('stack', Array)
#11 /Users/anushka/Desktop/Form-Forge/vendor/laravel/framework/src/Illuminate/Log/LogManager.php(112): Illuminate\\Log\\LogManager->get('stack')
#12 /Users/anushka/Desktop/Form-Forge/vendor/laravel/framework/src/Illuminate/Log/LogManager.php(605): Illuminate\\Log\\LogManager->driver()
#13 /Users/anushka/Desktop/Form-Forge/vendor/laravel/framework/src/Illuminate/Support/Facades/Facade.php(261): Illuminate\\Log\\LogManager->warning('Gemini API call...', Array)
#14 /Users/anushka/Desktop/Form-Forge/app/Services/GeminiService.php(106): Illuminate\\Support\\Facades\\Facade::__callStatic('warning', Array)
#15 /Users/anushka/Desktop/Form-Forge/app/Services/GeminiService.php(59): App\\Services\\GeminiService->call('You are a form-...')
#16 /Users/anushka/Desktop/Form-Forge/app/Jobs/GenerateFormJob.php(38): App\\Services\\GeminiService->generateForm('internship appl...')
#17 /Users/anushka/Desktop/Form-Forge/vendor/laravel/framework/src/Illuminate/Container/BoundMethod.php(36): App\\Jobs\\GenerateFormJob->handle(Object(App\\Services\\GeminiService), Object(App\\Services\\FormSchemaService))
#18 /Users/anushka/Desktop/Form-Forge/vendor/laravel/framework/src/Illuminate/Container/Util.php(40): Illuminate\\Container\\BoundMethod::{closure:Illuminate\\Container\\BoundMethod::call():35}()
#19 /Users/anushka/Desktop/Form-Forge/vendor/laravel/framework/src/Illuminate/Container/BoundMethod.php(93): Illuminate\\Container\\Util::unwrapIfClosure(Object(Closure))
#20 /Users/anushka/Desktop/Form-Forge/vendor/laravel/framework/src/Illuminate/Container/BoundMethod.php(35): Illuminate\\Container\\BoundMethod::callBoundMethod(Object(Illuminate\\Foundation\\Application), Array, Object(Closure))
#21 /Users/anushka/Desktop/Form-Forge/vendor/laravel/framework/src/Illuminate/Container/Container.php(653): Illuminate\\Container\\BoundMethod::call(Object(Illuminate\\Foundation\\Application), Array, Array, NULL)
#22 /Users/anushka/Desktop/Form-Forge/vendor/laravel/framework/src/Illuminate/Bus/Dispatcher.php(128): Illuminate\\Container\\Container->call(Array)
#23 /Users/anushka/Desktop/Form-Forge/vendor/laravel/framework/src/Illuminate/Pipeline/Pipeline.php(128): Illuminate\\Bus\\Dispatcher->{closure:Illuminate\\Bus\\Dispatcher::dispatchNow():125}(Object(App\\Jobs\\GenerateFormJob))
#24 /Users/anushka/Desktop/Form-Forge/vendor/laravel/framework/src/Illuminate/Pipeline/Pipeline.php(103): Illuminate\\Pipeline\\Pipeline->{closure:Illuminate\\Pipeline\\Pipeline::prepareDestination():126}(Object(App\\Jobs\\GenerateFormJob))
#25 /Users/anushka/Desktop/Form-Forge/vendor/laravel/framework/src/Illuminate/Bus/Dispatcher.php(132): Illuminate\\Pipeline\\Pipeline->then(Object(Closure))
#26 /Users/anushka/Desktop/Form-Forge/vendor/laravel/framework/src/Illuminate/Queue/CallQueuedHandler.php(119): Illuminate\\Bus\\Dispatcher->dispatchNow(Object(App\\Jobs\\GenerateFormJob), false)
#27 /Users/anushka/Desktop/Form-Forge/vendor/laravel/framework/src/Illuminate/Pipeline/Pipeline.php(128): Illuminate\\Queue\\CallQueuedHandler->{closure:Illuminate\\Queue\\CallQueuedHandler::dispatchThroughMiddleware():118}(Object(App\\Jobs\\GenerateFormJob))
#28 /Users/anushka/Desktop/Form-Forge/vendor/laravel/framework/src/Illuminate/Pipeline/Pipeline.php(103): Illuminate\\Pipeline\\Pipeline->{closure:Illuminate\\Pipeline\\Pipeline::prepareDestination():126}(Object(App\\Jobs\\GenerateFormJob))
#29 /Users/anushka/Desktop/Form-Forge/vendor/laravel/framework/src/Illuminate/Queue/CallQueuedHandler.php(118): Illuminate\\Pipeline\\Pipeline->then(Object(Closure))
#30 /Users/anushka/Desktop/Form-Forge/vendor/laravel/framework/src/Illuminate/Queue/CallQueuedHandler.php(70): Illuminate\\Queue\\CallQueuedHandler->dispatchThroughMiddleware(Object(Illuminate\\Queue\\Jobs\\SyncJob), Object(App\\Jobs\\GenerateFormJob))
#31 /Users/anushka/Desktop/Form-Forge/vendor/laravel/framework/src/Illuminate/Queue/Jobs/Job.php(98): Illuminate\\Queue\\CallQueuedHandler->call(Object(Illuminate\\Queue\\Jobs\\SyncJob), Array)
#32 /Users/anushka/Desktop/Form-Forge/vendor/laravel/framework/src/Illuminate/Queue/SyncQueue.php(43): Illuminate\\Queue\\Jobs\\Job->fire()
#33 /Users/anushka/Desktop/Form-Forge/vendor/laravel/framework/src/Illuminate/Bus/Dispatcher.php(253): Illuminate\\Queue\\SyncQueue->push(Object(App\\Jobs\\GenerateFormJob))
#34 /Users/anushka/Desktop/Form-Forge/vendor/laravel/framework/src/Illuminate/Bus/Dispatcher.php(229): Illuminate\\Bus\\Dispatcher->pushCommandToQueue(Object(Illuminate\\Queue\\SyncQueue), Object(App\\Jobs\\GenerateFormJob))
#35 /Users/anushka/Desktop/Form-Forge/vendor/laravel/framework/src/Illuminate/Bus/Dispatcher.php(77): Illuminate\\Bus\\Dispatcher->dispatchToQueue(Object(App\\Jobs\\GenerateFormJob))
#36 /Users/anushka/Desktop/Form-Forge/vendor/laravel/framework/src/Illuminate/Foundation/Bus/PendingDispatch.php(193): Illuminate\\Bus\\Dispatcher->dispatch(Object(App\\Jobs\\GenerateFormJob))
#37 /Users/anushka/Desktop/Form-Forge/vendor/laravel/framework/src/Illuminate/Foundation/Bus/Dispatchable.php(17): Illuminate\\Foundation\\Bus\\PendingDispatch->__destruct()
#38 /Users/anushka/Desktop/Form-Forge/app/Http/Livewire/AiFormGenerator.php(33): App\\Jobs\\GenerateFormJob::dispatch(7, 'internship appl...')
#39 /Users/anushka/Desktop/Form-Forge/vendor/laravel/framework/src/Illuminate/Container/BoundMethod.php(36): App\\Http\\Livewire\\AiFormGenerator->generate()
#40 /Users/anushka/Desktop/Form-Forge/vendor/laravel/framework/src/Illuminate/Container/Util.php(40): Illuminate\\Container\\BoundMethod::{closure:Illuminate\\Container\\BoundMethod::call():35}()
#41 /Users/anushka/Desktop/Form-Forge/vendor/laravel/framework/src/Illuminate/Container/BoundMethod.php(93): Illuminate\\Container\\Util::unwrapIfClosure(Object(Closure))
#42 /Users/anushka/Desktop/Form-Forge/vendor/laravel/framework/src/Illuminate/Container/BoundMethod.php(35): Illuminate\\Container\\BoundMethod::callBoundMethod(Object(Illuminate\\Foundation\\Application), Array, Object(Closure))
#43 /Users/anushka/Desktop/Form-Forge/vendor/livewire/livewire/src/ComponentConcerns/HandlesActions.php(149): Illuminate\\Container\\BoundMethod::call(Object(Illuminate\\Foundation\\Application), Array, Array)
#44 /Users/anushka/Desktop/Form-Forge/vendor/livewire/livewire/src/HydrationMiddleware/PerformActionCalls.php(36): Livewire\\Component->callMethod('generate', Array, Object(Closure))
#45 /Users/anushka/Desktop/Form-Forge/vendor/livewire/livewire/src/LifecycleManager.php(89): Livewire\\HydrationMiddleware\\PerformActionCalls::hydrate(Object(App\\Http\\Livewire\\AiFormGenerator), Object(Livewire\\Request))
#46 /Users/anushka/Desktop/Form-Forge/vendor/livewire/livewire/src/Connection/ConnectionHandler.php(13): Livewire\\LifecycleManager->hydrate()
#47 /Users/anushka/Desktop/Form-Forge/vendor/livewire/livewire/src/Controllers/HttpConnectionHandler.php(19): Livewire\\Connection\\ConnectionHandler->handle(Array)
#48 /Users/anushka/Desktop/Form-Forge/vendor/laravel/framework/src/Illuminate/Routing/ControllerDispatcher.php(48): Livewire\\Controllers\\HttpConnectionHandler->__invoke('ai-form-generat...')
#49 /Users/anushka/Desktop/Form-Forge/vendor/laravel/framework/src/Illuminate/Routing/Route.php(261): Illuminate\\Routing\\ControllerDispatcher->dispatch(Object(Illuminate\\Routing\\Route), Object(Livewire\\Controllers\\HttpConnectionHandler), '__invoke')
#50 /Users/anushka/Desktop/Form-Forge/vendor/laravel/framework/src/Illuminate/Routing/Route.php(205): Illuminate\\Routing\\Route->runController()
#51 /Users/anushka/Desktop/Form-Forge/vendor/laravel/framework/src/Illuminate/Routing/Router.php(721): Illuminate\\Routing\\Route->run()
#52 /Users/anushka/Desktop/Form-Forge/vendor/laravel/framework/src/Illuminate/Pipeline/Pipeline.php(128): Illuminate\\Routing\\Router->{closure:Illuminate\\Routing\\Router::runRouteWithinStack():719}(Object(Illuminate\\Http\\Request))
#53 /Users/anushka/Desktop/Form-Forge/vendor/laravel/framework/src/Illuminate/Routing/Middleware/SubstituteBindings.php(50): Illuminate\\Pipeline\\Pipeline->{closure:Illuminate\\Pipeline\\Pipeline::prepareDestination():126}(Object(Illuminate\\Http\\Request))
#54 /Users/anushka/Desktop/Form-Forge/vendor/laravel/framework/src/Illuminate/Pipeline/Pipeline.php(167): Illuminate\\Routing\\Middleware\\SubstituteBindings->handle(Object(Illuminate\\Http\\Request), Object(Closure))
#55 /Users/anushka/Desktop/Form-Forge/vendor/laravel/framework/src/Illuminate/Foundation/Http/Middleware/VerifyCsrfToken.php(78): Illuminate\\Pipeline\\Pipeline->{closure:{closure:Illuminate\\Pipeline\\Pipeline::carry():142}:143}(Object(Illuminate\\Http\\Request))
#56 /Users/anushka/Desktop/Form-Forge/vendor/laravel/framework/src/Illuminate/Pipeline/Pipeline.php(167): Illuminate\\Foundation\\Http\\Middleware\\VerifyCsrfToken->handle(Object(Illuminate\\Http\\Request), Object(Closure))
#57 /Users/anushka/Desktop/Form-Forge/vendor/laravel/framework/src/Illuminate/View/Middleware/ShareErrorsFromSession.php(49): Illuminate\\Pipeline\\Pipeline->{closure:{closure:Illuminate\\Pipeline\\Pipeline::carry():142}:143}(Object(Illuminate\\Http\\Request))
#58 /Users/anushka/Desktop/Form-Forge/vendor/laravel/framework/src/Illuminate/Pipeline/Pipeline.php(167): Illuminate\\View\\Middleware\\ShareErrorsFromSession->handle(Object(Illuminate\\Http\\Request), Object(Closure))
#59 /Users/anushka/Desktop/Form-Forge/vendor/laravel/framework/src/Illuminate/Session/Middleware/StartSession.php(121): Illuminate\\Pipeline\\Pipeline->{closure:{closure:Illuminate\\Pipeline\\Pipeline::carry():142}:143}(Object(Illuminate\\Http\\Request))
#60 /Users/anushka/Desktop/Form-Forge/vendor/laravel/framework/src/Illuminate/Session/Middleware/StartSession.php(64): Illuminate\\Session\\Middleware\\StartSession->handleStatefulRequest(Object(Illuminate\\Http\\Request), Object(Illuminate\\Session\\Store), Object(Closure))
#61 /Users/anushka/Desktop/Form-Forge/vendor/laravel/framework/src/Illuminate/Pipeline/Pipeline.php(167): Illuminate\\Session\\Middleware\\StartSession->handle(Object(Illuminate\\Http\\Request), Object(Closure))
#62 /Users/anushka/Desktop/Form-Forge/vendor/laravel/framework/src/Illuminate/Cookie/Middleware/AddQueuedCookiesToResponse.php(37): Illuminate\\Pipeline\\Pipeline->{closure:{closure:Illuminate\\Pipeline\\Pipeline::carry():142}:143}(Object(Illuminate\\Http\\Request))
#63 /Users/anushka/Desktop/Form-Forge/vendor/laravel/framework/src/Illuminate/Pipeline/Pipeline.php(167): Illuminate\\Cookie\\Middleware\\AddQueuedCookiesToResponse->handle(Object(Illuminate\\Http\\Request), Object(Closure))
#64 /Users/anushka/Desktop/Form-Forge/vendor/laravel/framework/src/Illuminate/Cookie/Middleware/EncryptCookies.php(67): Illuminate\\Pipeline\\Pipeline->{closure:{closure:Illuminate\\Pipeline\\Pipeline::carry():142}:143}(Object(Illuminate\\Http\\Request))
#65 /Users/anushka/Desktop/Form-Forge/vendor/laravel/framework/src/Illuminate/Pipeline/Pipeline.php(167): Illuminate\\Cookie\\Middleware\\EncryptCookies->handle(Object(Illuminate\\Http\\Request), Object(Closure))
#66 /Users/anushka/Desktop/Form-Forge/vendor/laravel/framework/src/Illuminate/Pipeline/Pipeline.php(103): Illuminate\\Pipeline\\Pipeline->{closure:{closure:Illuminate\\Pipeline\\Pipeline::carry():142}:143}(Object(Illuminate\\Http\\Request))
#67 /Users/anushka/Desktop/Form-Forge/vendor/laravel/framework/src/Illuminate/Routing/Router.php(719): Illuminate\\Pipeline\\Pipeline->then(Object(Closure))
#68 /Users/anushka/Desktop/Form-Forge/vendor/laravel/framework/src/Illuminate/Routing/Router.php(698): Illuminate\\Routing\\Router->runRouteWithinStack(Object(Illuminate\\Routing\\Route), Object(Illuminate\\Http\\Request))
#69 /Users/anushka/Desktop/Form-Forge/vendor/laravel/framework/src/Illuminate/Routing/Router.php(662): Illuminate\\Routing\\Router->runRoute(Object(Illuminate\\Http\\Request), Object(Illuminate\\Routing\\Route))
#70 /Users/anushka/Desktop/Form-Forge/vendor/laravel/framework/src/Illuminate/Routing/Router.php(651): Illuminate\\Routing\\Router->dispatchToRoute(Object(Illuminate\\Http\\Request))
#71 /Users/anushka/Desktop/Form-Forge/vendor/laravel/framework/src/Illuminate/Foundation/Http/Kernel.php(167): Illuminate\\Routing\\Router->dispatch(Object(Illuminate\\Http\\Request))
#72 /Users/anushka/Desktop/Form-Forge/vendor/laravel/framework/src/Illuminate/Pipeline/Pipeline.php(128): Illuminate\\Foundation\\Http\\Kernel->{closure:Illuminate\\Foundation\\Http\\Kernel::dispatchToRouter():164}(Object(Illuminate\\Http\\Request))
#73 /Users/anushka/Desktop/Form-Forge/vendor/livewire/livewire/src/DisableBrowserCache.php(19): Illuminate\\Pipeline\\Pipeline->{closure:Illuminate\\Pipeline\\Pipeline::prepareDestination():126}(Object(Illuminate\\Http\\Request))
#74 /Users/anushka/Desktop/Form-Forge/vendor/laravel/framework/src/Illuminate/Pipeline/Pipeline.php(167): Livewire\\DisableBrowserCache->handle(Object(Illuminate\\Http\\Request), Object(Closure))
#75 /Users/anushka/Desktop/Form-Forge/vendor/laravel/framework/src/Illuminate/Foundation/Http/Middleware/ConvertEmptyStringsToNull.php(27): Illuminate\\Pipeline\\Pipeline->{closure:{closure:Illuminate\\Pipeline\\Pipeline::carry():142}:143}(Object(Illuminate\\Http\\Request))
#76 /Users/anushka/Desktop/Form-Forge/vendor/laravel/framework/src/Illuminate/Pipeline/Pipeline.php(167): Illuminate\\Foundation\\Http\\Middleware\\ConvertEmptyStringsToNull->handle(Object(Illuminate\\Http\\Request), Object(Closure))
#77 /Users/anushka/Desktop/Form-Forge/vendor/laravel/framework/src/Illuminate/Foundation/Http/Middleware/TrimStrings.php(36): Illuminate\\Pipeline\\Pipeline->{closure:{closure:Illuminate\\Pipeline\\Pipeline::carry():142}:143}(Object(Illuminate\\Http\\Request))
#78 /Users/anushka/Desktop/Form-Forge/vendor/laravel/framework/src/Illuminate/Pipeline/Pipeline.php(167): Illuminate\\Foundation\\Http\\Middleware\\TrimStrings->handle(Object(Illuminate\\Http\\Request), Object(Closure))
#79 /Users/anushka/Desktop/Form-Forge/vendor/laravel/framework/src/Illuminate/Foundation/Http/Middleware/ValidatePostSize.php(27): Illuminate\\Pipeline\\Pipeline->{closure:{closure:Illuminate\\Pipeline\\Pipeline::carry():142}:143}(Object(Illuminate\\Http\\Request))
#80 /Users/anushka/Desktop/Form-Forge/vendor/laravel/framework/src/Illuminate/Pipeline/Pipeline.php(167): Illuminate\\Foundation\\Http\\Middleware\\ValidatePostSize->handle(Object(Illuminate\\Http\\Request), Object(Closure))
#81 /Users/anushka/Desktop/Form-Forge/vendor/laravel/framework/src/Illuminate/Foundation/Http/Middleware/PreventRequestsDuringMaintenance.php(86): Illuminate\\Pipeline\\Pipeline->{closure:{closure:Illuminate\\Pipeline\\Pipeline::carry():142}:143}(Object(Illuminate\\Http\\Request))
#82 /Users/anushka/Desktop/Form-Forge/vendor/laravel/framework/src/Illuminate/Pipeline/Pipeline.php(167): Illuminate\\Foundation\\Http\\Middleware\\PreventRequestsDuringMaintenance->handle(Object(Illuminate\\Http\\Request), Object(Closure))
#83 /Users/anushka/Desktop/Form-Forge/vendor/fruitcake/laravel-cors/src/HandleCors.php(38): Illuminate\\Pipeline\\Pipeline->{closure:{closure:Illuminate\\Pipeline\\Pipeline::carry():142}:143}(Object(Illuminate\\Http\\Request))
#84 /Users/anushka/Desktop/Form-Forge/vendor/laravel/framework/src/Illuminate/Pipeline/Pipeline.php(167): Fruitcake\\Cors\\HandleCors->handle(Object(Illuminate\\Http\\Request), Object(Closure))
#85 /Users/anushka/Desktop/Form-Forge/vendor/laravel/framework/src/Illuminate/Http/Middleware/TrustProxies.php(39): Illuminate\\Pipeline\\Pipeline->{closure:{closure:Illuminate\\Pipeline\\Pipeline::carry():142}:143}(Object(Illuminate\\Http\\Request))
#86 /Users/anushka/Desktop/Form-Forge/vendor/laravel/framework/src/Illuminate/Pipeline/Pipeline.php(167): Illuminate\\Http\\Middleware\\TrustProxies->handle(Object(Illuminate\\Http\\Request), Object(Closure))
#87 /Users/anushka/Desktop/Form-Forge/vendor/laravel/framework/src/Illuminate/Pipeline/Pipeline.php(103): Illuminate\\Pipeline\\Pipeline->{closure:{closure:Illuminate\\Pipeline\\Pipeline::carry():142}:143}(Object(Illuminate\\Http\\Request))
#88 /Users/anushka/Desktop/Form-Forge/vendor/laravel/framework/src/Illuminate/Foundation/Http/Kernel.php(142): Illuminate\\Pipeline\\Pipeline->then(Object(Closure))
#89 /Users/anushka/Desktop/Form-Forge/vendor/laravel/framework/src/Illuminate/Foundation/Http/Kernel.php(111): Illuminate\\Foundation\\Http\\Kernel->sendRequestThroughRouter(Object(Illuminate\\Http\\Request))
#90 /Users/anushka/Desktop/Form-Forge/public/index.php(51): Illuminate\\Foundation\\Http\\Kernel->handle(Object(Illuminate\\Http\\Request))
#91 /Users/anushka/Desktop/Form-Forge/server.php(21): require_once('/Users/anushka/...')
#92 {main}
"} 
[2026-08-05 14:14:19] laravel.EMERGENCY: Unable to create configured logger. Using emergency logger. {"exception":"[object] (InvalidArgumentException(code: 0): App\\Logging\\AzureBlobLogger must be an instance of Monolog\\Handler\\HandlerInterface at /Users/anushka/Desktop/Form-Forge/vendor/laravel/framework/src/Illuminate/Log/LogManager.php:372)
[stacktrace]
#0 /Users/anushka/Desktop/Form-Forge/vendor/laravel/framework/src/Illuminate/Log/LogManager.php(210): Illuminate\\Log\\LogManager->createMonologDriver(Array)
#1 /Users/anushka/Desktop/Form-Forge/vendor/laravel/framework/src/Illuminate/Log/LogManager.php(125): Illuminate\\Log\\LogManager->resolve('azure', Array)
#2 /Users/anushka/Desktop/Form-Forge/vendor/laravel/framework/src/Illuminate/Log/LogManager.php(112): Illuminate\\Log\\LogManager->get('azure')
#3 /Users/anushka/Desktop/Form-Forge/vendor/laravel/framework/src/Illuminate/Log/LogManager.php(101): Illuminate\\Log\\LogManager->driver('azure')
#4 /Users/anushka/Desktop/Form-Forge/vendor/laravel/framework/src/Illuminate/Log/LogManager.php(261): Illuminate\\Log\\LogManager->channel('azure')
#5 [internal function]: Illuminate\\Log\\LogManager->{closure:Illuminate\\Log\\LogManager::createStackDriver():258}('azure', 0)
#6 /Users/anushka/Desktop/Form-Forge/vendor/laravel/framework/src/Illuminate/Collections/Collection.php(695): array_map(Object(Closure), Array, Array)
#7 /Users/anushka/Desktop/Form-Forge/vendor/laravel/framework/src/Illuminate/Collections/Traits/EnumeratesValues.php(354): Illuminate\\Support\\Collection->map(Object(Closure))
#8 /Users/anushka/Desktop/Form-Forge/vendor/laravel/framework/src/Illuminate/Log/LogManager.php(258): Illuminate\\Support\\Collection->flatMap(Object(Closure))
#9 /Users/anushka/Desktop/Form-Forge/vendor/laravel/framework/src/Illuminate/Log/LogManager.php(210): Illuminate\\Log\\LogManager->createStackDriver(Array)
#10 /Users/anushka/Desktop/Form-Forge/vendor/laravel/framework/src/Illuminate/Log/LogManager.php(125): Illuminate\\Log\\LogManager->resolve('stack', Array)
#11 /Users/anushka/Desktop/Form-Forge/vendor/laravel/framework/src/Illuminate/Log/LogManager.php(112): Illuminate\\Log\\LogManager->get('stack')
#12 /Users/anushka/Desktop/Form-Forge/vendor/laravel/framework/src/Illuminate/Log/LogManager.php(605): Illuminate\\Log\\LogManager->driver()
#13 /Users/anushka/Desktop/Form-Forge/vendor/laravel/framework/src/Illuminate/Support/Facades/Facade.php(261): Illuminate\\Log\\LogManager->warning('Gemini API call...', Array)
#14 /Users/anushka/Desktop/Form-Forge/app/Services/GeminiService.php(106): Illuminate\\Support\\Facades\\Facade::__callStatic('warning', Array)
#15 /Users/anushka/Desktop/Form-Forge/app/Services/GeminiService.php(59): App\\Services\\GeminiService->call('You are a form-...')
#16 /Users/anushka/Desktop/Form-Forge/app/Jobs/GenerateFormJob.php(38): App\\Services\\GeminiService->generateForm('internship appl...')
#17 /Users/anushka/Desktop/Form-Forge/vendor/laravel/framework/src/Illuminate/Container/BoundMethod.php(36): App\\Jobs\\GenerateFormJob->handle(Object(App\\Services\\GeminiService), Object(App\\Services\\FormSchemaService))
#18 /Users/anushka/Desktop/Form-Forge/vendor/laravel/framework/src/Illuminate/Container/Util.php(40): Illuminate\\Container\\BoundMethod::{closure:Illuminate\\Container\\BoundMethod::call():35}()
#19 /Users/anushka/Desktop/Form-Forge/vendor/laravel/framework/src/Illuminate/Container/BoundMethod.php(93): Illuminate\\Container\\Util::unwrapIfClosure(Object(Closure))
#20 /Users/anushka/Desktop/Form-Forge/vendor/laravel/framework/src/Illuminate/Container/BoundMethod.php(35): Illuminate\\Container\\BoundMethod::callBoundMethod(Object(Illuminate\\Foundation\\Application), Array, Object(Closure))
#21 /Users/anushka/Desktop/Form-Forge/vendor/laravel/framework/src/Illuminate/Container/Container.php(653): Illuminate\\Container\\BoundMethod::call(Object(Illuminate\\Foundation\\Application), Array, Array, NULL)
#22 /Users/anushka/Desktop/Form-Forge/vendor/laravel/framework/src/Illuminate/Bus/Dispatcher.php(128): Illuminate\\Container\\Container->call(Array)
#23 /Users/anushka/Desktop/Form-Forge/vendor/laravel/framework/src/Illuminate/Pipeline/Pipeline.php(128): Illuminate\\Bus\\Dispatcher->{closure:Illuminate\\Bus\\Dispatcher::dispatchNow():125}(Object(App\\Jobs\\GenerateFormJob))
#24 /Users/anushka/Desktop/Form-Forge/vendor/laravel/framework/src/Illuminate/Pipeline/Pipeline.php(103): Illuminate\\Pipeline\\Pipeline->{closure:Illuminate\\Pipeline\\Pipeline::prepareDestination():126}(Object(App\\Jobs\\GenerateFormJob))
#25 /Users/anushka/Desktop/Form-Forge/vendor/laravel/framework/src/Illuminate/Bus/Dispatcher.php(132): Illuminate\\Pipeline\\Pipeline->then(Object(Closure))
#26 /Users/anushka/Desktop/Form-Forge/vendor/laravel/framework/src/Illuminate/Queue/CallQueuedHandler.php(119): Illuminate\\Bus\\Dispatcher->dispatchNow(Object(App\\Jobs\\GenerateFormJob), false)
#27 /Users/anushka/Desktop/Form-Forge/vendor/laravel/framework/src/Illuminate/Pipeline/Pipeline.php(128): Illuminate\\Queue\\CallQueuedHandler->{closure:Illuminate\\Queue\\CallQueuedHandler::dispatchThroughMiddleware():118}(Object(App\\Jobs\\GenerateFormJob))
#28 /Users/anushka/Desktop/Form-Forge/vendor/laravel/framework/src/Illuminate/Pipeline/Pipeline.php(103): Illuminate\\Pipeline\\Pipeline->{closure:Illuminate\\Pipeline\\Pipeline::prepareDestination():126}(Object(App\\Jobs\\GenerateFormJob))
#29 /Users/anushka/Desktop/Form-Forge/vendor/laravel/framework/src/Illuminate/Queue/CallQueuedHandler.php(118): Illuminate\\Pipeline\\Pipeline->then(Object(Closure))
#30 /Users/anushka/Desktop/Form-Forge/vendor/laravel/framework/src/Illuminate/Queue/CallQueuedHandler.php(70): Illuminate\\Queue\\CallQueuedHandler->dispatchThroughMiddleware(Object(Illuminate\\Queue\\Jobs\\SyncJob), Object(App\\Jobs\\GenerateFormJob))
#31 /Users/anushka/Desktop/Form-Forge/vendor/laravel/framework/src/Illuminate/Queue/Jobs/Job.php(98): Illuminate\\Queue\\CallQueuedHandler->call(Object(Illuminate\\Queue\\Jobs\\SyncJob), Array)
#32 /Users/anushka/Desktop/Form-Forge/vendor/laravel/framework/src/Illuminate/Queue/SyncQueue.php(43): Illuminate\\Queue\\Jobs\\Job->fire()
#33 /Users/anushka/Desktop/Form-Forge/vendor/laravel/framework/src/Illuminate/Bus/Dispatcher.php(253): Illuminate\\Queue\\SyncQueue->push(Object(App\\Jobs\\GenerateFormJob))
#34 /Users/anushka/Desktop/Form-Forge/vendor/laravel/framework/src/Illuminate/Bus/Dispatcher.php(229): Illuminate\\Bus\\Dispatcher->pushCommandToQueue(Object(Illuminate\\Queue\\SyncQueue), Object(App\\Jobs\\GenerateFormJob))
#35 /Users/anushka/Desktop/Form-Forge/vendor/laravel/framework/src/Illuminate/Bus/Dispatcher.php(77): Illuminate\\Bus\\Dispatcher->dispatchToQueue(Object(App\\Jobs\\GenerateFormJob))
#36 /Users/anushka/Desktop/Form-Forge/vendor/laravel/framework/src/Illuminate/Foundation/Bus/PendingDispatch.php(193): Illuminate\\Bus\\Dispatcher->dispatch(Object(App\\Jobs\\GenerateFormJob))
#37 /Users/anushka/Desktop/Form-Forge/vendor/laravel/framework/src/Illuminate/Foundation/Bus/Dispatchable.php(17): Illuminate\\Foundation\\Bus\\PendingDispatch->__destruct()
#38 /Users/anushka/Desktop/Form-Forge/app/Http/Livewire/AiFormGenerator.php(33): App\\Jobs\\GenerateFormJob::dispatch(7, 'internship appl...')
#39 /Users/anushka/Desktop/Form-Forge/vendor/laravel/framework/src/Illuminate/Container/BoundMethod.php(36): App\\Http\\Livewire\\AiFormGenerator->generate()
#40 /Users/anushka/Desktop/Form-Forge/vendor/laravel/framework/src/Illuminate/Container/Util.php(40): Illuminate\\Container\\BoundMethod::{closure:Illuminate\\Container\\BoundMethod::call():35}()
#41 /Users/anushka/Desktop/Form-Forge/vendor/laravel/framework/src/Illuminate/Container/BoundMethod.php(93): Illuminate\\Container\\Util::unwrapIfClosure(Object(Closure))
#42 /Users/anushka/Desktop/Form-Forge/vendor/laravel/framework/src/Illuminate/Container/BoundMethod.php(35): Illuminate\\Container\\BoundMethod::callBoundMethod(Object(Illuminate\\Foundation\\Application), Array, Object(Closure))
#43 /Users/anushka/Desktop/Form-Forge/vendor/livewire/livewire/src/ComponentConcerns/HandlesActions.php(149): Illuminate\\Container\\BoundMethod::call(Object(Illuminate\\Foundation\\Application), Array, Array)
#44 /Users/anushka/Desktop/Form-Forge/vendor/livewire/livewire/src/HydrationMiddleware/PerformActionCalls.php(36): Livewire\\Component->callMethod('generate', Array, Object(Closure))
#45 /Users/anushka/Desktop/Form-Forge/vendor/livewire/livewire/src/LifecycleManager.php(89): Livewire\\HydrationMiddleware\\PerformActionCalls::hydrate(Object(App\\Http\\Livewire\\AiFormGenerator), Object(Livewire\\Request))
#46 /Users/anushka/Desktop/Form-Forge/vendor/livewire/livewire/src/Connection/ConnectionHandler.php(13): Livewire\\LifecycleManager->hydrate()
#47 /Users/anushka/Desktop/Form-Forge/vendor/livewire/livewire/src/Controllers/HttpConnectionHandler.php(19): Livewire\\Connection\\ConnectionHandler->handle(Array)
#48 /Users/anushka/Desktop/Form-Forge/vendor/laravel/framework/src/Illuminate/Routing/ControllerDispatcher.php(48): Livewire\\Controllers\\HttpConnectionHandler->__invoke('ai-form-generat...')
#49 /Users/anushka/Desktop/Form-Forge/vendor/laravel/framework/src/Illuminate/Routing/Route.php(261): Illuminate\\Routing\\ControllerDispatcher->dispatch(Object(Illuminate\\Routing\\Route), Object(Livewire\\Controllers\\HttpConnectionHandler), '__invoke')
#50 /Users/anushka/Desktop/Form-Forge/vendor/laravel/framework/src/Illuminate/Routing/Route.php(205): Illuminate\\Routing\\Route->runController()
#51 /Users/anushka/Desktop/Form-Forge/vendor/laravel/framework/src/Illuminate/Routing/Router.php(721): Illuminate\\Routing\\Route->run()
#52 /Users/anushka/Desktop/Form-Forge/vendor/laravel/framework/src/Illuminate/Pipeline/Pipeline.php(128): Illuminate\\Routing\\Router->{closure:Illuminate\\Routing\\Router::runRouteWithinStack():719}(Object(Illuminate\\Http\\Request))
#53 /Users/anushka/Desktop/Form-Forge/vendor/laravel/framework/src/Illuminate/Routing/Middleware/SubstituteBindings.php(50): Illuminate\\Pipeline\\Pipeline->{closure:Illuminate\\Pipeline\\Pipeline::prepareDestination():126}(Object(Illuminate\\Http\\Request))
#54 /Users/anushka/Desktop/Form-Forge/vendor/laravel/framework/src/Illuminate/Pipeline/Pipeline.php(167): Illuminate\\Routing\\Middleware\\SubstituteBindings->handle(Object(Illuminate\\Http\\Request), Object(Closure))
#55 /Users/anushka/Desktop/Form-Forge/vendor/laravel/framework/src/Illuminate/Foundation/Http/Middleware/VerifyCsrfToken.php(78): Illuminate\\Pipeline\\Pipeline->{closure:{closure:Illuminate\\Pipeline\\Pipeline::carry():142}:143}(Object(Illuminate\\Http\\Request))
#56 /Users/anushka/Desktop/Form-Forge/vendor/laravel/framework/src/Illuminate/Pipeline/Pipeline.php(167): Illuminate\\Foundation\\Http\\Middleware\\VerifyCsrfToken->handle(Object(Illuminate\\Http\\Request), Object(Closure))
#57 /Users/anushka/Desktop/Form-Forge/vendor/laravel/framework/src/Illuminate/View/Middleware/ShareErrorsFromSession.php(49): Illuminate\\Pipeline\\Pipeline->{closure:{closure:Illuminate\\Pipeline\\Pipeline::carry():142}:143}(Object(Illuminate\\Http\\Request))
#58 /Users/anushka/Desktop/Form-Forge/vendor/laravel/framework/src/Illuminate/Pipeline/Pipeline.php(167): Illuminate\\View\\Middleware\\ShareErrorsFromSession->handle(Object(Illuminate\\Http\\Request), Object(Closure))
#59 /Users/anushka/Desktop/Form-Forge/vendor/laravel/framework/src/Illuminate/Session/Middleware/StartSession.php(121): Illuminate\\Pipeline\\Pipeline->{closure:{closure:Illuminate\\Pipeline\\Pipeline::carry():142}:143}(Object(Illuminate\\Http\\Request))
#60 /Users/anushka/Desktop/Form-Forge/vendor/laravel/framework/src/Illuminate/Session/Middleware/StartSession.php(64): Illuminate\\Session\\Middleware\\StartSession->handleStatefulRequest(Object(Illuminate\\Http\\Request), Object(Illuminate\\Session\\Store), Object(Closure))
#61 /Users/anushka/Desktop/Form-Forge/vendor/laravel/framework/src/Illuminate/Pipeline/Pipeline.php(167): Illuminate\\Session\\Middleware\\StartSession->handle(Object(Illuminate\\Http\\Request), Object(Closure))
#62 /Users/anushka/Desktop/Form-Forge/vendor/laravel/framework/src/Illuminate/Cookie/Middleware/AddQueuedCookiesToResponse.php(37): Illuminate\\Pipeline\\Pipeline->{closure:{closure:Illuminate\\Pipeline\\Pipeline::carry():142}:143}(Object(Illuminate\\Http\\Request))
#63 /Users/anushka/Desktop/Form-Forge/vendor/laravel/framework/src/Illuminate/Pipeline/Pipeline.php(167): Illuminate\\Cookie\\Middleware\\AddQueuedCookiesToResponse->handle(Object(Illuminate\\Http\\Request), Object(Closure))
#64 /Users/anushka/Desktop/Form-Forge/vendor/laravel/framework/src/Illuminate/Cookie/Middleware/EncryptCookies.php(67): Illuminate\\Pipeline\\Pipeline->{closure:{closure:Illuminate\\Pipeline\\Pipeline::carry():142}:143}(Object(Illuminate\\Http\\Request))
#65 /Users/anushka/Desktop/Form-Forge/vendor/laravel/framework/src/Illuminate/Pipeline/Pipeline.php(167): Illuminate\\Cookie\\Middleware\\EncryptCookies->handle(Object(Illuminate\\Http\\Request), Object(Closure))
#66 /Users/anushka/Desktop/Form-Forge/vendor/laravel/framework/src/Illuminate/Pipeline/Pipeline.php(103): Illuminate\\Pipeline\\Pipeline->{closure:{closure:Illuminate\\Pipeline\\Pipeline::carry():142}:143}(Object(Illuminate\\Http\\Request))
#67 /Users/anushka/Desktop/Form-Forge/vendor/laravel/framework/src/Illuminate/Routing/Router.php(719): Illuminate\\Pipeline\\Pipeline->then(Object(Closure))
#68 /Users/anushka/Desktop/Form-Forge/vendor/laravel/framework/src/Illuminate/Routing/Router.php(698): Illuminate\\Routing\\Router->runRouteWithinStack(Object(Illuminate\\Routing\\Route), Object(Illuminate\\Http\\Request))
#69 /Users/anushka/Desktop/Form-Forge/vendor/laravel/framework/src/Illuminate/Routing/Router.php(662): Illuminate\\Routing\\Router->runRoute(Object(Illuminate\\Http\\Request), Object(Illuminate\\Routing\\Route))
#70 /Users/anushka/Desktop/Form-Forge/vendor/laravel/framework/src/Illuminate/Routing/Router.php(651): Illuminate\\Routing\\Router->dispatchToRoute(Object(Illuminate\\Http\\Request))
#71 /Users/anushka/Desktop/Form-Forge/vendor/laravel/framework/src/Illuminate/Foundation/Http/Kernel.php(167): Illuminate\\Routing\\Router->dispatch(Object(Illuminate\\Http\\Request))
#72 /Users/anushka/Desktop/Form-Forge/vendor/laravel/framework/src/Illuminate/Pipeline/Pipeline.php(128): Illuminate\\Foundation\\Http\\Kernel->{closure:Illuminate\\Foundation\\Http\\Kernel::dispatchToRouter():164}(Object(Illuminate\\Http\\Request))
#73 /Users/anushka/Desktop/Form-Forge/vendor/livewire/livewire/src/DisableBrowserCache.php(19): Illuminate\\Pipeline\\Pipeline->{closure:Illuminate\\Pipeline\\Pipeline::prepareDestination():126}(Object(Illuminate\\Http\\Request))
#74 /Users/anushka/Desktop/Form-Forge/vendor/laravel/framework/src/Illuminate/Pipeline/Pipeline.php(167): Livewire\\DisableBrowserCache->handle(Object(Illuminate\\Http\\Request), Object(Closure))
#75 /Users/anushka/Desktop/Form-Forge/vendor/laravel/framework/src/Illuminate/Foundation/Http/Middleware/ConvertEmptyStringsToNull.php(27): Illuminate\\Pipeline\\Pipeline->{closure:{closure:Illuminate\\Pipeline\\Pipeline::carry():142}:143}(Object(Illuminate\\Http\\Request))
#76 /Users/anushka/Desktop/Form-Forge/vendor/laravel/framework/src/Illuminate/Pipeline/Pipeline.php(167): Illuminate\\Foundation\\Http\\Middleware\\ConvertEmptyStringsToNull->handle(Object(Illuminate\\Http\\Request), Object(Closure))
#77 /Users/anushka/Desktop/Form-Forge/vendor/laravel/framework/src/Illuminate/Foundation/Http/Middleware/TrimStrings.php(36): Illuminate\\Pipeline\\Pipeline->{closure:{closure:Illuminate\\Pipeline\\Pipeline::carry():142}:143}(Object(Illuminate\\Http\\Request))
#78 /Users/anushka/Desktop/Form-Forge/vendor/laravel/framework/src/Illuminate/Pipeline/Pipeline.php(167): Illuminate\\Foundation\\Http\\Middleware\\TrimStrings->handle(Object(Illuminate\\Http\\Request), Object(Closure))
#79 /Users/anushka/Desktop/Form-Forge/vendor/laravel/framework/src/Illuminate/Foundation/Http/Middleware/ValidatePostSize.php(27): Illuminate\\Pipeline\\Pipeline->{closure:{closure:Illuminate\\Pipeline\\Pipeline::carry():142}:143}(Object(Illuminate\\Http\\Request))
#80 /Users/anushka/Desktop/Form-Forge/vendor/laravel/framework/src/Illuminate/Pipeline/Pipeline.php(167): Illuminate\\Foundation\\Http\\Middleware\\ValidatePostSize->handle(Object(Illuminate\\Http\\Request), Object(Closure))
#81 /Users/anushka/Desktop/Form-Forge/vendor/laravel/framework/src/Illuminate/Foundation/Http/Middleware/PreventRequestsDuringMaintenance.php(86): Illuminate\\Pipeline\\Pipeline->{closure:{closure:Illuminate\\Pipeline\\Pipeline::carry():142}:143}(Object(Illuminate\\Http\\Request))
#82 /Users/anushka/Desktop/Form-Forge/vendor/laravel/framework/src/Illuminate/Pipeline/Pipeline.php(167): Illuminate\\Foundation\\Http\\Middleware\\PreventRequestsDuringMaintenance->handle(Object(Illuminate\\Http\\Request), Object(Closure))
#83 /Users/anushka/Desktop/Form-Forge/vendor/fruitcake/laravel-cors/src/HandleCors.php(38): Illuminate\\Pipeline\\Pipeline->{closure:{closure:Illuminate\\Pipeline\\Pipeline::carry():142}:143}(Object(Illuminate\\Http\\Request))
#84 /Users/anushka/Desktop/Form-Forge/vendor/laravel/framework/src/Illuminate/Pipeline/Pipeline.php(167): Fruitcake\\Cors\\HandleCors->handle(Object(Illuminate\\Http\\Request), Object(Closure))
#85 /Users/anushka/Desktop/Form-Forge/vendor/laravel/framework/src/Illuminate/Http/Middleware/TrustProxies.php(39): Illuminate\\Pipeline\\Pipeline->{closure:{closure:Illuminate\\Pipeline\\Pipeline::carry():142}:143}(Object(Illuminate\\Http\\Request))
#86 /Users/anushka/Desktop/Form-Forge/vendor/laravel/framework/src/Illuminate/Pipeline/Pipeline.php(167): Illuminate\\Http\\Middleware\\TrustProxies->handle(Object(Illuminate\\Http\\Request), Object(Closure))
#87 /Users/anushka/Desktop/Form-Forge/vendor/laravel/framework/src/Illuminate/Pipeline/Pipeline.php(103): Illuminate\\Pipeline\\Pipeline->{closure:{closure:Illuminate\\Pipeline\\Pipeline::carry():142}:143}(Object(Illuminate\\Http\\Request))
#88 /Users/anushka/Desktop/Form-Forge/vendor/laravel/framework/src/Illuminate/Foundation/Http/Kernel.php(142): Illuminate\\Pipeline\\Pipeline->then(Object(Closure))
#89 /Users/anushka/Desktop/Form-Forge/vendor/laravel/framework/src/Illuminate/Foundation/Http/Kernel.php(111): Illuminate\\Foundation\\Http\\Kernel->sendRequestThroughRouter(Object(Illuminate\\Http\\Request))
#90 /Users/anushka/Desktop/Form-Forge/public/index.php(51): Illuminate\\Foundation\\Http\\Kernel->handle(Object(Illuminate\\Http\\Request))
#91 /Users/anushka/Desktop/Form-Forge/server.php(21): require_once('/Users/anushka/...')
#92 {main}
"} 
[2026-08-05 14:14:19] local.WARNING: Gemini API call failed {"model":"gemini-1.5-flash","status":404,"error":"models/gemini-1.5-flash is not found for API version v1beta, or is not supported for generateContent. Call ModelService.ListModels to see the list of available models and their supported methods."} 
[2026-08-05 14:14:20] local.WARNING: Gemini API call failed {"model":"gemini-1.5-flash","status":404,"error":"models/gemini-1.5-flash is not found for API version v1beta, or is not supported for generateContent. Call ModelService.ListModels to see the list of available models and their supported methods."} 
[2026-08-05 14:14:20] local.WARNING: Gemini API call failed {"model":"gemini-1.5-flash","status":404,"error":"models/gemini-1.5-flash is not found for API version v1beta, or is not supported for generateContent. Call ModelService.ListModels to see the list of available models and their supported methods."} 
[2026-08-05 14:15:25] laravel.EMERGENCY: Unable to create configured logger. Using emergency logger. {"exception":"[object] (InvalidArgumentException(code: 0): App\\Logging\\AzureBlobLogger must be an instance of Monolog\\Handler\\HandlerInterface at /Users/anushka/Desktop/Form-Forge/vendor/laravel/framework/src/Illuminate/Log/LogManager.php:372)
[stacktrace]
#0 /Users/anushka/Desktop/Form-Forge/vendor/laravel/framework/src/Illuminate/Log/LogManager.php(210): Illuminate\\Log\\LogManager->createMonologDriver(Array)
#1 /Users/anushka/Desktop/Form-Forge/vendor/laravel/framework/src/Illuminate/Log/LogManager.php(125): Illuminate\\Log\\LogManager->resolve('azure', Array)
#2 /Users/anushka/Desktop/Form-Forge/vendor/laravel/framework/src/Illuminate/Log/LogManager.php(112): Illuminate\\Log\\LogManager->get('azure')
#3 /Users/anushka/Desktop/Form-Forge/vendor/laravel/framework/src/Illuminate/Log/LogManager.php(101): Illuminate\\Log\\LogManager->driver('azure')
#4 /Users/anushka/Desktop/Form-Forge/vendor/laravel/framework/src/Illuminate/Log/LogManager.php(255): Illuminate\\Log\\LogManager->channel('azure')
#5 [internal function]: Illuminate\\Log\\LogManager->{closure:Illuminate\\Log\\LogManager::createStackDriver():252}('azure', 0)
#6 /Users/anushka/Desktop/Form-Forge/vendor/laravel/framework/src/Illuminate/Collections/Collection.php(695): array_map(Object(Closure), Array, Array)
#7 /Users/anushka/Desktop/Form-Forge/vendor/laravel/framework/src/Illuminate/Collections/Traits/EnumeratesValues.php(354): Illuminate\\Support\\Collection->map(Object(Closure))
#8 /Users/anushka/Desktop/Form-Forge/vendor/laravel/framework/src/Illuminate/Log/LogManager.php(252): Illuminate\\Support\\Collection->flatMap(Object(Closure))
#9 /Users/anushka/Desktop/Form-Forge/vendor/laravel/framework/src/Illuminate/Log/LogManager.php(210): Illuminate\\Log\\LogManager->createStackDriver(Array)
#10 /Users/anushka/Desktop/Form-Forge/vendor/laravel/framework/src/Illuminate/Log/LogManager.php(125): Illuminate\\Log\\LogManager->resolve('stack', Array)
#11 /Users/anushka/Desktop/Form-Forge/vendor/laravel/framework/src/Illuminate/Log/LogManager.php(112): Illuminate\\Log\\LogManager->get('stack')
#12 /Users/anushka/Desktop/Form-Forge/vendor/laravel/framework/src/Illuminate/Log/LogManager.php(590): Illuminate\\Log\\LogManager->driver()
#13 /Users/anushka/Desktop/Form-Forge/vendor/laravel/framework/src/Illuminate/Foundation/Exceptions/Handler.php(247): Illuminate\\Log\\LogManager->error('The provided cw...', Array)
#14 /Users/anushka/Desktop/Form-Forge/vendor/nunomaduro/collision/src/Adapters/Laravel/ExceptionHandler.php(46): Illuminate\\Foundation\\Exceptions\\Handler->report(Object(Symfony\\Component\\Process\\Exception\\RuntimeException))
#15 /Users/anushka/Desktop/Form-Forge/vendor/laravel/framework/src/Illuminate/Foundation/Console/Kernel.php(366): NunoMaduro\\Collision\\Adapters\\Laravel\\ExceptionHandler->report(Object(Symfony\\Component\\Process\\Exception\\RuntimeException))
#16 /Users/anushka/Desktop/Form-Forge/vendor/laravel/framework/src/Illuminate/Foundation/Console/Kernel.php(131): Illuminate\\Foundation\\Console\\Kernel->reportException(Object(Symfony\\Component\\Process\\Exception\\RuntimeException))
#17 /Users/anushka/Desktop/Form-Forge/artisan(35): Illuminate\\Foundation\\Console\\Kernel->handle(Object(Symfony\\Component\\Console\\Input\\ArgvInput), Object(Symfony\\Component\\Console\\Output\\ConsoleOutput))
#18 {main}
"} 
[2026-08-05 14:15:25] laravel.EMERGENCY: Unable to create configured logger. Using emergency logger. {"exception":"[object] (InvalidArgumentException(code: 0): App\\Logging\\AzureBlobLogger must be an instance of Monolog\\Handler\\HandlerInterface at /Users/anushka/Desktop/Form-Forge/vendor/laravel/framework/src/Illuminate/Log/LogManager.php:372)
[stacktrace]
#0 /Users/anushka/Desktop/Form-Forge/vendor/laravel/framework/src/Illuminate/Log/LogManager.php(210): Illuminate\\Log\\LogManager->createMonologDriver(Array)
#1 /Users/anushka/Desktop/Form-Forge/vendor/laravel/framework/src/Illuminate/Log/LogManager.php(125): Illuminate\\Log\\LogManager->resolve('azure', Array)
#2 /Users/anushka/Desktop/Form-Forge/vendor/laravel/framework/src/Illuminate/Log/LogManager.php(112): Illuminate\\Log\\LogManager->get('azure')
#3 /Users/anushka/Desktop/Form-Forge/vendor/laravel/framework/src/Illuminate/Log/LogManager.php(101): Illuminate\\Log\\LogManager->driver('azure')
#4 /Users/anushka/Desktop/Form-Forge/vendor/laravel/framework/src/Illuminate/Log/LogManager.php(261): Illuminate\\Log\\LogManager->channel('azure')
#5 [internal function]: Illuminate\\Log\\LogManager->{closure:Illuminate\\Log\\LogManager::createStackDriver():258}('azure', 0)
#6 /Users/anushka/Desktop/Form-Forge/vendor/laravel/framework/src/Illuminate/Collections/Collection.php(695): array_map(Object(Closure), Array, Array)
#7 /Users/anushka/Desktop/Form-Forge/vendor/laravel/framework/src/Illuminate/Collections/Traits/EnumeratesValues.php(354): Illuminate\\Support\\Collection->map(Object(Closure))
#8 /Users/anushka/Desktop/Form-Forge/vendor/laravel/framework/src/Illuminate/Log/LogManager.php(258): Illuminate\\Support\\Collection->flatMap(Object(Closure))
#9 /Users/anushka/Desktop/Form-Forge/vendor/laravel/framework/src/Illuminate/Log/LogManager.php(210): Illuminate\\Log\\LogManager->createStackDriver(Array)
#10 /Users/anushka/Desktop/Form-Forge/vendor/laravel/framework/src/Illuminate/Log/LogManager.php(125): Illuminate\\Log\\LogManager->resolve('stack', Array)
#11 /Users/anushka/Desktop/Form-Forge/vendor/laravel/framework/src/Illuminate/Log/LogManager.php(112): Illuminate\\Log\\LogManager->get('stack')
#12 /Users/anushka/Desktop/Form-Forge/vendor/laravel/framework/src/Illuminate/Log/LogManager.php(590): Illuminate\\Log\\LogManager->driver()
#13 /Users/anushka/Desktop/Form-Forge/vendor/laravel/framework/src/Illuminate/Foundation/Exceptions/Handler.php(247): Illuminate\\Log\\LogManager->error('The provided cw...', Array)
#14 /Users/anushka/Desktop/Form-Forge/vendor/nunomaduro/collision/src/Adapters/Laravel/ExceptionHandler.php(46): Illuminate\\Foundation\\Exceptions\\Handler->report(Object(Symfony\\Component\\Process\\Exception\\RuntimeException))
#15 /Users/anushka/Desktop/Form-Forge/vendor/laravel/framework/src/Illuminate/Foundation/Console/Kernel.php(366): NunoMaduro\\Collision\\Adapters\\Laravel\\ExceptionHandler->report(Object(Symfony\\Component\\Process\\Exception\\RuntimeException))
#16 /Users/anushka/Desktop/Form-Forge/vendor/laravel/framework/src/Illuminate/Foundation/Console/Kernel.php(131): Illuminate\\Foundation\\Console\\Kernel->reportException(Object(Symfony\\Component\\Process\\Exception\\RuntimeException))
#17 /Users/anushka/Desktop/Form-Forge/artisan(35): Illuminate\\Foundation\\Console\\Kernel->handle(Object(Symfony\\Component\\Console\\Input\\ArgvInput), Object(Symfony\\Component\\Console\\Output\\ConsoleOutput))
#18 {main}
"} 
[2026-08-05 14:15:25] local.ERROR: The provided cwd "" does not exist. {"exception":"[object] (Symfony\\Component\\Process\\Exception\\RuntimeException(code: 0): The provided cwd \"\" does not exist. at /Users/anushka/Desktop/Form-Forge/vendor/symfony/process/Process.php:350)
[stacktrace]
#0 /Users/anushka/Desktop/Form-Forge/vendor/laravel/framework/src/Illuminate/Foundation/Console/ServeCommand.php(115): Symfony\\Component\\Process\\Process->start(Object(Closure))
#1 /Users/anushka/Desktop/Form-Forge/vendor/laravel/framework/src/Illuminate/Foundation/Console/ServeCommand.php(73): Illuminate\\Foundation\\Console\\ServeCommand->startProcess(true)
#2 /Users/anushka/Desktop/Form-Forge/vendor/laravel/framework/src/Illuminate/Container/BoundMethod.php(36): Illuminate\\Foundation\\Console\\ServeCommand->handle()
#3 /Users/anushka/Desktop/Form-Forge/vendor/laravel/framework/src/Illuminate/Container/Util.php(40): Illuminate\\Container\\BoundMethod::{closure:Illuminate\\Container\\BoundMethod::call():35}()
#4 /Users/anushka/Desktop/Form-Forge/vendor/laravel/framework/src/Illuminate/Container/BoundMethod.php(93): Illuminate\\Container\\Util::unwrapIfClosure(Object(Closure))
#5 /Users/anushka/Desktop/Form-Forge/vendor/laravel/framework/src/Illuminate/Container/BoundMethod.php(35): Illuminate\\Container\\BoundMethod::callBoundMethod(Object(Illuminate\\Foundation\\Application), Array, Object(Closure))
#6 /Users/anushka/Desktop/Form-Forge/vendor/laravel/framework/src/Illuminate/Container/Container.php(653): Illuminate\\Container\\BoundMethod::call(Object(Illuminate\\Foundation\\Application), Array, Array, NULL)
#7 /Users/anushka/Desktop/Form-Forge/vendor/laravel/framework/src/Illuminate/Console/Command.php(136): Illuminate\\Container\\Container->call(Array)
#8 /Users/anushka/Desktop/Form-Forge/vendor/symfony/console/Command/Command.php(298): Illuminate\\Console\\Command->execute(Object(Symfony\\Component\\Console\\Input\\ArgvInput), Object(Illuminate\\Console\\OutputStyle))
#9 /Users/anushka/Desktop/Form-Forge/vendor/laravel/framework/src/Illuminate/Console/Command.php(120): Symfony\\Component\\Console\\Command\\Command->run(Object(Symfony\\Component\\Console\\Input\\ArgvInput), Object(Illuminate\\Console\\OutputStyle))
#10 /Users/anushka/Desktop/Form-Forge/vendor/symfony/console/Application.php(1040): Illuminate\\Console\\Command->run(Object(Symfony\\Component\\Console\\Input\\ArgvInput), Object(Symfony\\Component\\Console\\Output\\ConsoleOutput))
#11 /Users/anushka/Desktop/Form-Forge/vendor/symfony/console/Application.php(301): Symfony\\Component\\Console\\Application->doRunCommand(Object(Illuminate\\Foundation\\Console\\ServeCommand), Object(Symfony\\Component\\Console\\Input\\ArgvInput), Object(Symfony\\Component\\Console\\Output\\ConsoleOutput))
#12 /Users/anushka/Desktop/Form-Forge/vendor/symfony/console/Application.php(171): Symfony\\Component\\Console\\Application->doRun(Object(Symfony\\Component\\Console\\Input\\ArgvInput), Object(Symfony\\Component\\Console\\Output\\ConsoleOutput))
#13 /Users/anushka/Desktop/Form-Forge/vendor/laravel/framework/src/Illuminate/Console/Application.php(94): Symfony\\Component\\Console\\Application->run(Object(Symfony\\Component\\Console\\Input\\ArgvInput), Object(Symfony\\Component\\Console\\Output\\ConsoleOutput))
#14 /Users/anushka/Desktop/Form-Forge/vendor/laravel/framework/src/Illuminate/Foundation/Console/Kernel.php(129): Illuminate\\Console\\Application->run(Object(Symfony\\Component\\Console\\Input\\ArgvInput), Object(Symfony\\Component\\Console\\Output\\ConsoleOutput))
#15 /Users/anushka/Desktop/Form-Forge/artisan(35): Illuminate\\Foundation\\Console\\Kernel->handle(Object(Symfony\\Component\\Console\\Input\\ArgvInput), Object(Symfony\\Component\\Console\\Output\\ConsoleOutput))
#16 {main}
"} 
[2026-08-05 14:15:42] laravel.EMERGENCY: Unable to create configured logger. Using emergency logger. {"exception":"[object] (InvalidArgumentException(code: 0): App\\Logging\\AzureBlobLogger must be an instance of Monolog\\Handler\\HandlerInterface at /Users/anushka/Desktop/Form-Forge/vendor/laravel/framework/src/Illuminate/Log/LogManager.php:372)
[stacktrace]
#0 /Users/anushka/Desktop/Form-Forge/vendor/laravel/framework/src/Illuminate/Log/LogManager.php(210): Illuminate\\Log\\LogManager->createMonologDriver(Array)
#1 /Users/anushka/Desktop/Form-Forge/vendor/laravel/framework/src/Illuminate/Log/LogManager.php(125): Illuminate\\Log\\LogManager->resolve('azure', Array)
#2 /Users/anushka/Desktop/Form-Forge/vendor/laravel/framework/src/Illuminate/Log/LogManager.php(112): Illuminate\\Log\\LogManager->get('azure')
#3 /Users/anushka/Desktop/Form-Forge/vendor/laravel/framework/src/Illuminate/Log/LogManager.php(101): Illuminate\\Log\\LogManager->driver('azure')
#4 /Users/anushka/Desktop/Form-Forge/vendor/laravel/framework/src/Illuminate/Log/LogManager.php(255): Illuminate\\Log\\LogManager->channel('azure')
#5 [internal function]: Illuminate\\Log\\LogManager->{closure:Illuminate\\Log\\LogManager::createStackDriver():252}('azure', 0)
#6 /Users/anushka/Desktop/Form-Forge/vendor/laravel/framework/src/Illuminate/Collections/Collection.php(695): array_map(Object(Closure), Array, Array)
#7 /Users/anushka/Desktop/Form-Forge/vendor/laravel/framework/src/Illuminate/Collections/Traits/EnumeratesValues.php(354): Illuminate\\Support\\Collection->map(Object(Closure))
#8 /Users/anushka/Desktop/Form-Forge/vendor/laravel/framework/src/Illuminate/Log/LogManager.php(252): Illuminate\\Support\\Collection->flatMap(Object(Closure))
#9 /Users/anushka/Desktop/Form-Forge/vendor/laravel/framework/src/Illuminate/Log/LogManager.php(210): Illuminate\\Log\\LogManager->createStackDriver(Array)
#10 /Users/anushka/Desktop/Form-Forge/vendor/laravel/framework/src/Illuminate/Log/LogManager.php(125): Illuminate\\Log\\LogManager->resolve('stack', Array)
#11 /Users/anushka/Desktop/Form-Forge/vendor/laravel/framework/src/Illuminate/Log/LogManager.php(112): Illuminate\\Log\\LogManager->get('stack')
#12 /Users/anushka/Desktop/Form-Forge/vendor/laravel/framework/src/Illuminate/Queue/QueueServiceProvider.php(200): Illuminate\\Log\\LogManager->driver()
#13 /Users/anushka/Desktop/Form-Forge/vendor/laravel/framework/src/Illuminate/Queue/Worker.php(152): Illuminate\\Queue\\QueueServiceProvider->{closure:{closure:Illuminate\\Queue\\QueueServiceProvider::registerWorker():194}:199}()
#14 /Users/anushka/Desktop/Form-Forge/vendor/laravel/framework/src/Illuminate/Queue/Console/WorkCommand.php(117): Illuminate\\Queue\\Worker->daemon('sync', 'default', Object(Illuminate\\Queue\\WorkerOptions))
#15 /Users/anushka/Desktop/Form-Forge/vendor/laravel/framework/src/Illuminate/Queue/Console/WorkCommand.php(100): Illuminate\\Queue\\Console\\WorkCommand->runWorker('sync', 'default')
#16 /Users/anushka/Desktop/Form-Forge/vendor/laravel/framework/src/Illuminate/Container/BoundMethod.php(36): Illuminate\\Queue\\Console\\WorkCommand->handle()
#17 /Users/anushka/Desktop/Form-Forge/vendor/laravel/framework/src/Illuminate/Container/Util.php(40): Illuminate\\Container\\BoundMethod::{closure:Illuminate\\Container\\BoundMethod::call():35}()
#18 /Users/anushka/Desktop/Form-Forge/vendor/laravel/framework/src/Illuminate/Container/BoundMethod.php(93): Illuminate\\Container\\Util::unwrapIfClosure(Object(Closure))
#19 /Users/anushka/Desktop/Form-Forge/vendor/laravel/framework/src/Illuminate/Container/BoundMethod.php(35): Illuminate\\Container\\BoundMethod::callBoundMethod(Object(Illuminate\\Foundation\\Application), Array, Object(Closure))
#20 /Users/anushka/Desktop/Form-Forge/vendor/laravel/framework/src/Illuminate/Container/Container.php(653): Illuminate\\Container\\BoundMethod::call(Object(Illuminate\\Foundation\\Application), Array, Array, NULL)
#21 /Users/anushka/Desktop/Form-Forge/vendor/laravel/framework/src/Illuminate/Console/Command.php(136): Illuminate\\Container\\Container->call(Array)
#22 /Users/anushka/Desktop/Form-Forge/vendor/symfony/console/Command/Command.php(298): Illuminate\\Console\\Command->execute(Object(Symfony\\Component\\Console\\Input\\ArgvInput), Object(Illuminate\\Console\\OutputStyle))
#23 /Users/anushka/Desktop/Form-Forge/vendor/laravel/framework/src/Illuminate/Console/Command.php(120): Symfony\\Component\\Console\\Command\\Command->run(Object(Symfony\\Component\\Console\\Input\\ArgvInput), Object(Illuminate\\Console\\OutputStyle))
#24 /Users/anushka/Desktop/Form-Forge/vendor/symfony/console/Application.php(1040): Illuminate\\Console\\Command->run(Object(Symfony\\Component\\Console\\Input\\ArgvInput), Object(Symfony\\Component\\Console\\Output\\ConsoleOutput))
#25 /Users/anushka/Desktop/Form-Forge/vendor/symfony/console/Application.php(301): Symfony\\Component\\Console\\Application->doRunCommand(Object(Illuminate\\Queue\\Console\\WorkCommand), Object(Symfony\\Component\\Console\\Input\\ArgvInput), Object(Symfony\\Component\\Console\\Output\\ConsoleOutput))
#26 /Users/anushka/Desktop/Form-Forge/vendor/symfony/console/Application.php(171): Symfony\\Component\\Console\\Application->doRun(Object(Symfony\\Component\\Console\\Input\\ArgvInput), Object(Symfony\\Component\\Console\\Output\\ConsoleOutput))
#27 /Users/anushka/Desktop/Form-Forge/vendor/laravel/framework/src/Illuminate/Console/Application.php(94): Symfony\\Component\\Console\\Application->run(Object(Symfony\\Component\\Console\\Input\\ArgvInput), Object(Symfony\\Component\\Console\\Output\\ConsoleOutput))
#28 /Users/anushka/Desktop/Form-Forge/vendor/laravel/framework/src/Illuminate/Foundation/Console/Kernel.php(129): Illuminate\\Console\\Application->run(Object(Symfony\\Component\\Console\\Input\\ArgvInput), Object(Symfony\\Component\\Console\\Output\\ConsoleOutput))
#29 /Users/anushka/Desktop/Form-Forge/artisan(35): Illuminate\\Foundation\\Console\\Kernel->handle(Object(Symfony\\Component\\Console\\Input\\ArgvInput), Object(Symfony\\Component\\Console\\Output\\ConsoleOutput))
#30 {main}
"} 
[2026-08-05 14:15:42] laravel.EMERGENCY: Unable to create configured logger. Using emergency logger. {"exception":"[object] (InvalidArgumentException(code: 0): App\\Logging\\AzureBlobLogger must be an instance of Monolog\\Handler\\HandlerInterface at /Users/anushka/Desktop/Form-Forge/vendor/laravel/framework/src/Illuminate/Log/LogManager.php:372)
[stacktrace]
#0 /Users/anushka/Desktop/Form-Forge/vendor/laravel/framework/src/Illuminate/Log/LogManager.php(210): Illuminate\\Log\\LogManager->createMonologDriver(Array)
#1 /Users/anushka/Desktop/Form-Forge/vendor/laravel/framework/src/Illuminate/Log/LogManager.php(125): Illuminate\\Log\\LogManager->resolve('azure', Array)
#2 /Users/anushka/Desktop/Form-Forge/vendor/laravel/framework/src/Illuminate/Log/LogManager.php(112): Illuminate\\Log\\LogManager->get('azure')
#3 /Users/anushka/Desktop/Form-Forge/vendor/laravel/framework/src/Illuminate/Log/LogManager.php(101): Illuminate\\Log\\LogManager->driver('azure')
#4 /Users/anushka/Desktop/Form-Forge/vendor/laravel/framework/src/Illuminate/Log/LogManager.php(261): Illuminate\\Log\\LogManager->channel('azure')
#5 [internal function]: Illuminate\\Log\\LogManager->{closure:Illuminate\\Log\\LogManager::createStackDriver():258}('azure', 0)
#6 /Users/anushka/Desktop/Form-Forge/vendor/laravel/framework/src/Illuminate/Collections/Collection.php(695): array_map(Object(Closure), Array, Array)
#7 /Users/anushka/Desktop/Form-Forge/vendor/laravel/framework/src/Illuminate/Collections/Traits/EnumeratesValues.php(354): Illuminate\\Support\\Collection->map(Object(Closure))
#8 /Users/anushka/Desktop/Form-Forge/vendor/laravel/framework/src/Illuminate/Log/LogManager.php(258): Illuminate\\Support\\Collection->flatMap(Object(Closure))
#9 /Users/anushka/Desktop/Form-Forge/vendor/laravel/framework/src/Illuminate/Log/LogManager.php(210): Illuminate\\Log\\LogManager->createStackDriver(Array)
#10 /Users/anushka/Desktop/Form-Forge/vendor/laravel/framework/src/Illuminate/Log/LogManager.php(125): Illuminate\\Log\\LogManager->resolve('stack', Array)
#11 /Users/anushka/Desktop/Form-Forge/vendor/laravel/framework/src/Illuminate/Log/LogManager.php(112): Illuminate\\Log\\LogManager->get('stack')
#12 /Users/anushka/Desktop/Form-Forge/vendor/laravel/framework/src/Illuminate/Queue/QueueServiceProvider.php(200): Illuminate\\Log\\LogManager->driver()
#13 /Users/anushka/Desktop/Form-Forge/vendor/laravel/framework/src/Illuminate/Queue/Worker.php(152): Illuminate\\Queue\\QueueServiceProvider->{closure:{closure:Illuminate\\Queue\\QueueServiceProvider::registerWorker():194}:199}()
#14 /Users/anushka/Desktop/Form-Forge/vendor/laravel/framework/src/Illuminate/Queue/Console/WorkCommand.php(117): Illuminate\\Queue\\Worker->daemon('sync', 'default', Object(Illuminate\\Queue\\WorkerOptions))
#15 /Users/anushka/Desktop/Form-Forge/vendor/laravel/framework/src/Illuminate/Queue/Console/WorkCommand.php(100): Illuminate\\Queue\\Console\\WorkCommand->runWorker('sync', 'default')
#16 /Users/anushka/Desktop/Form-Forge/vendor/laravel/framework/src/Illuminate/Container/BoundMethod.php(36): Illuminate\\Queue\\Console\\WorkCommand->handle()
#17 /Users/anushka/Desktop/Form-Forge/vendor/laravel/framework/src/Illuminate/Container/Util.php(40): Illuminate\\Container\\BoundMethod::{closure:Illuminate\\Container\\BoundMethod::call():35}()
#18 /Users/anushka/Desktop/Form-Forge/vendor/laravel/framework/src/Illuminate/Container/BoundMethod.php(93): Illuminate\\Container\\Util::unwrapIfClosure(Object(Closure))
#19 /Users/anushka/Desktop/Form-Forge/vendor/laravel/framework/src/Illuminate/Container/BoundMethod.php(35): Illuminate\\Container\\BoundMethod::callBoundMethod(Object(Illuminate\\Foundation\\Application), Array, Object(Closure))
#20 /Users/anushka/Desktop/Form-Forge/vendor/laravel/framework/src/Illuminate/Container/Container.php(653): Illuminate\\Container\\BoundMethod::call(Object(Illuminate\\Foundation\\Application), Array, Array, NULL)
#21 /Users/anushka/Desktop/Form-Forge/vendor/laravel/framework/src/Illuminate/Console/Command.php(136): Illuminate\\Container\\Container->call(Array)
#22 /Users/anushka/Desktop/Form-Forge/vendor/symfony/console/Command/Command.php(298): Illuminate\\Console\\Command->execute(Object(Symfony\\Component\\Console\\Input\\ArgvInput), Object(Illuminate\\Console\\OutputStyle))
#23 /Users/anushka/Desktop/Form-Forge/vendor/laravel/framework/src/Illuminate/Console/Command.php(120): Symfony\\Component\\Console\\Command\\Command->run(Object(Symfony\\Component\\Console\\Input\\ArgvInput), Object(Illuminate\\Console\\OutputStyle))
#24 /Users/anushka/Desktop/Form-Forge/vendor/symfony/console/Application.php(1040): Illuminate\\Console\\Command->run(Object(Symfony\\Component\\Console\\Input\\ArgvInput), Object(Symfony\\Component\\Console\\Output\\ConsoleOutput))
#25 /Users/anushka/Desktop/Form-Forge/vendor/symfony/console/Application.php(301): Symfony\\Component\\Console\\Application->doRunCommand(Object(Illuminate\\Queue\\Console\\WorkCommand), Object(Symfony\\Component\\Console\\Input\\ArgvInput), Object(Symfony\\Component\\Console\\Output\\ConsoleOutput))
#26 /Users/anushka/Desktop/Form-Forge/vendor/symfony/console/Application.php(171): Symfony\\Component\\Console\\Application->doRun(Object(Symfony\\Component\\Console\\Input\\ArgvInput), Object(Symfony\\Component\\Console\\Output\\ConsoleOutput))
#27 /Users/anushka/Desktop/Form-Forge/vendor/laravel/framework/src/Illuminate/Console/Application.php(94): Symfony\\Component\\Console\\Application->run(Object(Symfony\\Component\\Console\\Input\\ArgvInput), Object(Symfony\\Component\\Console\\Output\\ConsoleOutput))
#28 /Users/anushka/Desktop/Form-Forge/vendor/laravel/framework/src/Illuminate/Foundation/Console/Kernel.php(129): Illuminate\\Console\\Application->run(Object(Symfony\\Component\\Console\\Input\\ArgvInput), Object(Symfony\\Component\\Console\\Output\\ConsoleOutput))
#29 /Users/anushka/Desktop/Form-Forge/artisan(35): Illuminate\\Foundation\\Console\\Kernel->handle(Object(Symfony\\Component\\Console\\Input\\ArgvInput), Object(Symfony\\Component\\Console\\Output\\ConsoleOutput))
#30 {main}
"} 
[2026-08-05 14:15:58] laravel.EMERGENCY: Unable to create configured logger. Using emergency logger. {"exception":"[object] (InvalidArgumentException(code: 0): App\\Logging\\AzureBlobLogger must be an instance of Monolog\\Handler\\HandlerInterface at /Users/anushka/Desktop/Form-Forge/vendor/laravel/framework/src/Illuminate/Log/LogManager.php:372)
[stacktrace]
#0 /Users/anushka/Desktop/Form-Forge/vendor/laravel/framework/src/Illuminate/Log/LogManager.php(210): Illuminate\\Log\\LogManager->createMonologDriver(Array)
#1 /Users/anushka/Desktop/Form-Forge/vendor/laravel/framework/src/Illuminate/Log/LogManager.php(125): Illuminate\\Log\\LogManager->resolve('azure', Array)
#2 /Users/anushka/Desktop/Form-Forge/vendor/laravel/framework/src/Illuminate/Log/LogManager.php(112): Illuminate\\Log\\LogManager->get('azure')
#3 /Users/anushka/Desktop/Form-Forge/vendor/laravel/framework/src/Illuminate/Log/LogManager.php(101): Illuminate\\Log\\LogManager->driver('azure')
#4 /Users/anushka/Desktop/Form-Forge/vendor/laravel/framework/src/Illuminate/Log/LogManager.php(255): Illuminate\\Log\\LogManager->channel('azure')
#5 [internal function]: Illuminate\\Log\\LogManager->{closure:Illuminate\\Log\\LogManager::createStackDriver():252}('azure', 0)
#6 /Users/anushka/Desktop/Form-Forge/vendor/laravel/framework/src/Illuminate/Collections/Collection.php(695): array_map(Object(Closure), Array, Array)
#7 /Users/anushka/Desktop/Form-Forge/vendor/laravel/framework/src/Illuminate/Collections/Traits/EnumeratesValues.php(354): Illuminate\\Support\\Collection->map(Object(Closure))
#8 /Users/anushka/Desktop/Form-Forge/vendor/laravel/framework/src/Illuminate/Log/LogManager.php(252): Illuminate\\Support\\Collection->flatMap(Object(Closure))
#9 /Users/anushka/Desktop/Form-Forge/vendor/laravel/framework/src/Illuminate/Log/LogManager.php(210): Illuminate\\Log\\LogManager->createStackDriver(Array)
#10 /Users/anushka/Desktop/Form-Forge/vendor/laravel/framework/src/Illuminate/Log/LogManager.php(125): Illuminate\\Log\\LogManager->resolve('stack', Array)
#11 /Users/anushka/Desktop/Form-Forge/vendor/laravel/framework/src/Illuminate/Log/LogManager.php(112): Illuminate\\Log\\LogManager->get('stack')
#12 /Users/anushka/Desktop/Form-Forge/vendor/laravel/framework/src/Illuminate/Log/LogManager.php(605): Illuminate\\Log\\LogManager->driver()
#13 /Users/anushka/Desktop/Form-Forge/vendor/laravel/framework/src/Illuminate/Support/Facades/Facade.php(261): Illuminate\\Log\\LogManager->warning('Gemini API call...', Array)
#14 /Users/anushka/Desktop/Form-Forge/app/Services/GeminiService.php(106): Illuminate\\Support\\Facades\\Facade::__callStatic('warning', Array)
#15 /Users/anushka/Desktop/Form-Forge/app/Services/GeminiService.php(59): App\\Services\\GeminiService->call('You are a form-...')
#16 /Users/anushka/Desktop/Form-Forge/app/Jobs/GenerateFormJob.php(38): App\\Services\\GeminiService->generateForm('internship appl...')
#17 /Users/anushka/Desktop/Form-Forge/vendor/laravel/framework/src/Illuminate/Container/BoundMethod.php(36): App\\Jobs\\GenerateFormJob->handle(Object(App\\Services\\GeminiService), Object(App\\Services\\FormSchemaService))
#18 /Users/anushka/Desktop/Form-Forge/vendor/laravel/framework/src/Illuminate/Container/Util.php(40): Illuminate\\Container\\BoundMethod::{closure:Illuminate\\Container\\BoundMethod::call():35}()
#19 /Users/anushka/Desktop/Form-Forge/vendor/laravel/framework/src/Illuminate/Container/BoundMethod.php(93): Illuminate\\Container\\Util::unwrapIfClosure(Object(Closure))
#20 /Users/anushka/Desktop/Form-Forge/vendor/laravel/framework/src/Illuminate/Container/BoundMethod.php(35): Illuminate\\Container\\BoundMethod::callBoundMethod(Object(Illuminate\\Foundation\\Application), Array, Object(Closure))
#21 /Users/anushka/Desktop/Form-Forge/vendor/laravel/framework/src/Illuminate/Container/Container.php(653): Illuminate\\Container\\BoundMethod::call(Object(Illuminate\\Foundation\\Application), Array, Array, NULL)
#22 /Users/anushka/Desktop/Form-Forge/vendor/laravel/framework/src/Illuminate/Bus/Dispatcher.php(128): Illuminate\\Container\\Container->call(Array)
#23 /Users/anushka/Desktop/Form-Forge/vendor/laravel/framework/src/Illuminate/Pipeline/Pipeline.php(128): Illuminate\\Bus\\Dispatcher->{closure:Illuminate\\Bus\\Dispatcher::dispatchNow():125}(Object(App\\Jobs\\GenerateFormJob))
#24 /Users/anushka/Desktop/Form-Forge/vendor/laravel/framework/src/Illuminate/Pipeline/Pipeline.php(103): Illuminate\\Pipeline\\Pipeline->{closure:Illuminate\\Pipeline\\Pipeline::prepareDestination():126}(Object(App\\Jobs\\GenerateFormJob))
#25 /Users/anushka/Desktop/Form-Forge/vendor/laravel/framework/src/Illuminate/Bus/Dispatcher.php(132): Illuminate\\Pipeline\\Pipeline->then(Object(Closure))
#26 /Users/anushka/Desktop/Form-Forge/vendor/laravel/framework/src/Illuminate/Queue/CallQueuedHandler.php(119): Illuminate\\Bus\\Dispatcher->dispatchNow(Object(App\\Jobs\\GenerateFormJob), false)
#27 /Users/anushka/Desktop/Form-Forge/vendor/laravel/framework/src/Illuminate/Pipeline/Pipeline.php(128): Illuminate\\Queue\\CallQueuedHandler->{closure:Illuminate\\Queue\\CallQueuedHandler::dispatchThroughMiddleware():118}(Object(App\\Jobs\\GenerateFormJob))
#28 /Users/anushka/Desktop/Form-Forge/vendor/laravel/framework/src/Illuminate/Pipeline/Pipeline.php(103): Illuminate\\Pipeline\\Pipeline->{closure:Illuminate\\Pipeline\\Pipeline::prepareDestination():126}(Object(App\\Jobs\\GenerateFormJob))
#29 /Users/anushka/Desktop/Form-Forge/vendor/laravel/framework/src/Illuminate/Queue/CallQueuedHandler.php(118): Illuminate\\Pipeline\\Pipeline->then(Object(Closure))
#30 /Users/anushka/Desktop/Form-Forge/vendor/laravel/framework/src/Illuminate/Queue/CallQueuedHandler.php(70): Illuminate\\Queue\\CallQueuedHandler->dispatchThroughMiddleware(Object(Illuminate\\Queue\\Jobs\\SyncJob), Object(App\\Jobs\\GenerateFormJob))
#31 /Users/anushka/Desktop/Form-Forge/vendor/laravel/framework/src/Illuminate/Queue/Jobs/Job.php(98): Illuminate\\Queue\\CallQueuedHandler->call(Object(Illuminate\\Queue\\Jobs\\SyncJob), Array)
#32 /Users/anushka/Desktop/Form-Forge/vendor/laravel/framework/src/Illuminate/Queue/SyncQueue.php(43): Illuminate\\Queue\\Jobs\\Job->fire()
#33 /Users/anushka/Desktop/Form-Forge/vendor/laravel/framework/src/Illuminate/Bus/Dispatcher.php(253): Illuminate\\Queue\\SyncQueue->push(Object(App\\Jobs\\GenerateFormJob))
#34 /Users/anushka/Desktop/Form-Forge/vendor/laravel/framework/src/Illuminate/Bus/Dispatcher.php(229): Illuminate\\Bus\\Dispatcher->pushCommandToQueue(Object(Illuminate\\Queue\\SyncQueue), Object(App\\Jobs\\GenerateFormJob))
#35 /Users/anushka/Desktop/Form-Forge/vendor/laravel/framework/src/Illuminate/Bus/Dispatcher.php(77): Illuminate\\Bus\\Dispatcher->dispatchToQueue(Object(App\\Jobs\\GenerateFormJob))
#36 /Users/anushka/Desktop/Form-Forge/vendor/laravel/framework/src/Illuminate/Foundation/Bus/PendingDispatch.php(193): Illuminate\\Bus\\Dispatcher->dispatch(Object(App\\Jobs\\GenerateFormJob))
#37 /Users/anushka/Desktop/Form-Forge/vendor/laravel/framework/src/Illuminate/Foundation/Bus/Dispatchable.php(17): Illuminate\\Foundation\\Bus\\PendingDispatch->__destruct()
#38 /Users/anushka/Desktop/Form-Forge/app/Http/Livewire/AiFormGenerator.php(33): App\\Jobs\\GenerateFormJob::dispatch(8, 'internship appl...')
#39 /Users/anushka/Desktop/Form-Forge/vendor/laravel/framework/src/Illuminate/Container/BoundMethod.php(36): App\\Http\\Livewire\\AiFormGenerator->generate()
#40 /Users/anushka/Desktop/Form-Forge/vendor/laravel/framework/src/Illuminate/Container/Util.php(40): Illuminate\\Container\\BoundMethod::{closure:Illuminate\\Container\\BoundMethod::call():35}()
#41 /Users/anushka/Desktop/Form-Forge/vendor/laravel/framework/src/Illuminate/Container/BoundMethod.php(93): Illuminate\\Container\\Util::unwrapIfClosure(Object(Closure))
#42 /Users/anushka/Desktop/Form-Forge/vendor/laravel/framework/src/Illuminate/Container/BoundMethod.php(35): Illuminate\\Container\\BoundMethod::callBoundMethod(Object(Illuminate\\Foundation\\Application), Array, Object(Closure))
#43 /Users/anushka/Desktop/Form-Forge/vendor/livewire/livewire/src/ComponentConcerns/HandlesActions.php(149): Illuminate\\Container\\BoundMethod::call(Object(Illuminate\\Foundation\\Application), Array, Array)
#44 /Users/anushka/Desktop/Form-Forge/vendor/livewire/livewire/src/HydrationMiddleware/PerformActionCalls.php(36): Livewire\\Component->callMethod('generate', Array, Object(Closure))
#45 /Users/anushka/Desktop/Form-Forge/vendor/livewire/livewire/src/LifecycleManager.php(89): Livewire\\HydrationMiddleware\\PerformActionCalls::hydrate(Object(App\\Http\\Livewire\\AiFormGenerator), Object(Livewire\\Request))
#46 /Users/anushka/Desktop/Form-Forge/vendor/livewire/livewire/src/Connection/ConnectionHandler.php(13): Livewire\\LifecycleManager->hydrate()
#47 /Users/anushka/Desktop/Form-Forge/vendor/livewire/livewire/src/Controllers/HttpConnectionHandler.php(19): Livewire\\Connection\\ConnectionHandler->handle(Array)
#48 /Users/anushka/Desktop/Form-Forge/vendor/laravel/framework/src/Illuminate/Routing/ControllerDispatcher.php(48): Livewire\\Controllers\\HttpConnectionHandler->__invoke('ai-form-generat...')
#49 /Users/anushka/Desktop/Form-Forge/vendor/laravel/framework/src/Illuminate/Routing/Route.php(261): Illuminate\\Routing\\ControllerDispatcher->dispatch(Object(Illuminate\\Routing\\Route), Object(Livewire\\Controllers\\HttpConnectionHandler), '__invoke')
#50 /Users/anushka/Desktop/Form-Forge/vendor/laravel/framework/src/Illuminate/Routing/Route.php(205): Illuminate\\Routing\\Route->runController()
#51 /Users/anushka/Desktop/Form-Forge/vendor/laravel/framework/src/Illuminate/Routing/Router.php(721): Illuminate\\Routing\\Route->run()
#52 /Users/anushka/Desktop/Form-Forge/vendor/laravel/framework/src/Illuminate/Pipeline/Pipeline.php(128): Illuminate\\Routing\\Router->{closure:Illuminate\\Routing\\Router::runRouteWithinStack():719}(Object(Illuminate\\Http\\Request))
#53 /Users/anushka/Desktop/Form-Forge/vendor/laravel/framework/src/Illuminate/Routing/Middleware/SubstituteBindings.php(50): Illuminate\\Pipeline\\Pipeline->{closure:Illuminate\\Pipeline\\Pipeline::prepareDestination():126}(Object(Illuminate\\Http\\Request))
#54 /Users/anushka/Desktop/Form-Forge/vendor/laravel/framework/src/Illuminate/Pipeline/Pipeline.php(167): Illuminate\\Routing\\Middleware\\SubstituteBindings->handle(Object(Illuminate\\Http\\Request), Object(Closure))
#55 /Users/anushka/Desktop/Form-Forge/vendor/laravel/framework/src/Illuminate/Foundation/Http/Middleware/VerifyCsrfToken.php(78): Illuminate\\Pipeline\\Pipeline->{closure:{closure:Illuminate\\Pipeline\\Pipeline::carry():142}:143}(Object(Illuminate\\Http\\Request))
#56 /Users/anushka/Desktop/Form-Forge/vendor/laravel/framework/src/Illuminate/Pipeline/Pipeline.php(167): Illuminate\\Foundation\\Http\\Middleware\\VerifyCsrfToken->handle(Object(Illuminate\\Http\\Request), Object(Closure))
#57 /Users/anushka/Desktop/Form-Forge/vendor/laravel/framework/src/Illuminate/View/Middleware/ShareErrorsFromSession.php(49): Illuminate\\Pipeline\\Pipeline->{closure:{closure:Illuminate\\Pipeline\\Pipeline::carry():142}:143}(Object(Illuminate\\Http\\Request))
#58 /Users/anushka/Desktop/Form-Forge/vendor/laravel/framework/src/Illuminate/Pipeline/Pipeline.php(167): Illuminate\\View\\Middleware\\ShareErrorsFromSession->handle(Object(Illuminate\\Http\\Request), Object(Closure))
#59 /Users/anushka/Desktop/Form-Forge/vendor/laravel/framework/src/Illuminate/Session/Middleware/StartSession.php(121): Illuminate\\Pipeline\\Pipeline->{closure:{closure:Illuminate\\Pipeline\\Pipeline::carry():142}:143}(Object(Illuminate\\Http\\Request))
#60 /Users/anushka/Desktop/Form-Forge/vendor/laravel/framework/src/Illuminate/Session/Middleware/StartSession.php(64): Illuminate\\Session\\Middleware\\StartSession->handleStatefulRequest(Object(Illuminate\\Http\\Request), Object(Illuminate\\Session\\Store), Object(Closure))
#61 /Users/anushka/Desktop/Form-Forge/vendor/laravel/framework/src/Illuminate/Pipeline/Pipeline.php(167): Illuminate\\Session\\Middleware\\StartSession->handle(Object(Illuminate\\Http\\Request), Object(Closure))
#62 /Users/anushka/Desktop/Form-Forge/vendor/laravel/framework/src/Illuminate/Cookie/Middleware/AddQueuedCookiesToResponse.php(37): Illuminate\\Pipeline\\Pipeline->{closure:{closure:Illuminate\\Pipeline\\Pipeline::carry():142}:143}(Object(Illuminate\\Http\\Request))
#63 /Users/anushka/Desktop/Form-Forge/vendor/laravel/framework/src/Illuminate/Pipeline/Pipeline.php(167): Illuminate\\Cookie\\Middleware\\AddQueuedCookiesToResponse->handle(Object(Illuminate\\Http\\Request), Object(Closure))
#64 /Users/anushka/Desktop/Form-Forge/vendor/laravel/framework/src/Illuminate/Cookie/Middleware/EncryptCookies.php(67): Illuminate\\Pipeline\\Pipeline->{closure:{closure:Illuminate\\Pipeline\\Pipeline::carry():142}:143}(Object(Illuminate\\Http\\Request))
#65 /Users/anushka/Desktop/Form-Forge/vendor/laravel/framework/src/Illuminate/Pipeline/Pipeline.php(167): Illuminate\\Cookie\\Middleware\\EncryptCookies->handle(Object(Illuminate\\Http\\Request), Object(Closure))
#66 /Users/anushka/Desktop/Form-Forge/vendor/laravel/framework/src/Illuminate/Pipeline/Pipeline.php(103): Illuminate\\Pipeline\\Pipeline->{closure:{closure:Illuminate\\Pipeline\\Pipeline::carry():142}:143}(Object(Illuminate\\Http\\Request))
#67 /Users/anushka/Desktop/Form-Forge/vendor/laravel/framework/src/Illuminate/Routing/Router.php(719): Illuminate\\Pipeline\\Pipeline->then(Object(Closure))
#68 /Users/anushka/Desktop/Form-Forge/vendor/laravel/framework/src/Illuminate/Routing/Router.php(698): Illuminate\\Routing\\Router->runRouteWithinStack(Object(Illuminate\\Routing\\Route), Object(Illuminate\\Http\\Request))
#69 /Users/anushka/Desktop/Form-Forge/vendor/laravel/framework/src/Illuminate/Routing/Router.php(662): Illuminate\\Routing\\Router->runRoute(Object(Illuminate\\Http\\Request), Object(Illuminate\\Routing\\Route))
#70 /Users/anushka/Desktop/Form-Forge/vendor/laravel/framework/src/Illuminate/Routing/Router.php(651): Illuminate\\Routing\\Router->dispatchToRoute(Object(Illuminate\\Http\\Request))
#71 /Users/anushka/Desktop/Form-Forge/vendor/laravel/framework/src/Illuminate/Foundation/Http/Kernel.php(167): Illuminate\\Routing\\Router->dispatch(Object(Illuminate\\Http\\Request))
#72 /Users/anushka/Desktop/Form-Forge/vendor/laravel/framework/src/Illuminate/Pipeline/Pipeline.php(128): Illuminate\\Foundation\\Http\\Kernel->{closure:Illuminate\\Foundation\\Http\\Kernel::dispatchToRouter():164}(Object(Illuminate\\Http\\Request))
#73 /Users/anushka/Desktop/Form-Forge/vendor/livewire/livewire/src/DisableBrowserCache.php(19): Illuminate\\Pipeline\\Pipeline->{closure:Illuminate\\Pipeline\\Pipeline::prepareDestination():126}(Object(Illuminate\\Http\\Request))
#74 /Users/anushka/Desktop/Form-Forge/vendor/laravel/framework/src/Illuminate/Pipeline/Pipeline.php(167): Livewire\\DisableBrowserCache->handle(Object(Illuminate\\Http\\Request), Object(Closure))
#75 /Users/anushka/Desktop/Form-Forge/vendor/laravel/framework/src/Illuminate/Foundation/Http/Middleware/ConvertEmptyStringsToNull.php(27): Illuminate\\Pipeline\\Pipeline->{closure:{closure:Illuminate\\Pipeline\\Pipeline::carry():142}:143}(Object(Illuminate\\Http\\Request))
#76 /Users/anushka/Desktop/Form-Forge/vendor/laravel/framework/src/Illuminate/Pipeline/Pipeline.php(167): Illuminate\\Foundation\\Http\\Middleware\\ConvertEmptyStringsToNull->handle(Object(Illuminate\\Http\\Request), Object(Closure))
#77 /Users/anushka/Desktop/Form-Forge/vendor/laravel/framework/src/Illuminate/Foundation/Http/Middleware/TrimStrings.php(36): Illuminate\\Pipeline\\Pipeline->{closure:{closure:Illuminate\\Pipeline\\Pipeline::carry():142}:143}(Object(Illuminate\\Http\\Request))
#78 /Users/anushka/Desktop/Form-Forge/vendor/laravel/framework/src/Illuminate/Pipeline/Pipeline.php(167): Illuminate\\Foundation\\Http\\Middleware\\TrimStrings->handle(Object(Illuminate\\Http\\Request), Object(Closure))
#79 /Users/anushka/Desktop/Form-Forge/vendor/laravel/framework/src/Illuminate/Foundation/Http/Middleware/ValidatePostSize.php(27): Illuminate\\Pipeline\\Pipeline->{closure:{closure:Illuminate\\Pipeline\\Pipeline::carry():142}:143}(Object(Illuminate\\Http\\Request))
#80 /Users/anushka/Desktop/Form-Forge/vendor/laravel/framework/src/Illuminate/Pipeline/Pipeline.php(167): Illuminate\\Foundation\\Http\\Middleware\\ValidatePostSize->handle(Object(Illuminate\\Http\\Request), Object(Closure))
#81 /Users/anushka/Desktop/Form-Forge/vendor/laravel/framework/src/Illuminate/Foundation/Http/Middleware/PreventRequestsDuringMaintenance.php(86): Illuminate\\Pipeline\\Pipeline->{closure:{closure:Illuminate\\Pipeline\\Pipeline::carry():142}:143}(Object(Illuminate\\Http\\Request))
#82 /Users/anushka/Desktop/Form-Forge/vendor/laravel/framework/src/Illuminate/Pipeline/Pipeline.php(167): Illuminate\\Foundation\\Http\\Middleware\\PreventRequestsDuringMaintenance->handle(Object(Illuminate\\Http\\Request), Object(Closure))
#83 /Users/anushka/Desktop/Form-Forge/vendor/fruitcake/laravel-cors/src/HandleCors.php(38): Illuminate\\Pipeline\\Pipeline->{closure:{closure:Illuminate\\Pipeline\\Pipeline::carry():142}:143}(Object(Illuminate\\Http\\Request))
#84 /Users/anushka/Desktop/Form-Forge/vendor/laravel/framework/src/Illuminate/Pipeline/Pipeline.php(167): Fruitcake\\Cors\\HandleCors->handle(Object(Illuminate\\Http\\Request), Object(Closure))
#85 /Users/anushka/Desktop/Form-Forge/vendor/laravel/framework/src/Illuminate/Http/Middleware/TrustProxies.php(39): Illuminate\\Pipeline\\Pipeline->{closure:{closure:Illuminate\\Pipeline\\Pipeline::carry():142}:143}(Object(Illuminate\\Http\\Request))
#86 /Users/anushka/Desktop/Form-Forge/vendor/laravel/framework/src/Illuminate/Pipeline/Pipeline.php(167): Illuminate\\Http\\Middleware\\TrustProxies->handle(Object(Illuminate\\Http\\Request), Object(Closure))
#87 /Users/anushka/Desktop/Form-Forge/vendor/laravel/framework/src/Illuminate/Pipeline/Pipeline.php(103): Illuminate\\Pipeline\\Pipeline->{closure:{closure:Illuminate\\Pipeline\\Pipeline::carry():142}:143}(Object(Illuminate\\Http\\Request))
#88 /Users/anushka/Desktop/Form-Forge/vendor/laravel/framework/src/Illuminate/Foundation/Http/Kernel.php(142): Illuminate\\Pipeline\\Pipeline->then(Object(Closure))
#89 /Users/anushka/Desktop/Form-Forge/vendor/laravel/framework/src/Illuminate/Foundation/Http/Kernel.php(111): Illuminate\\Foundation\\Http\\Kernel->sendRequestThroughRouter(Object(Illuminate\\Http\\Request))
#90 /Users/anushka/Desktop/Form-Forge/public/index.php(51): Illuminate\\Foundation\\Http\\Kernel->handle(Object(Illuminate\\Http\\Request))
#91 /Users/anushka/Desktop/Form-Forge/server.php(21): require_once('/Users/anushka/...')
#92 {main}
"} 
[2026-08-05 14:15:58] laravel.EMERGENCY: Unable to create configured logger. Using emergency logger. {"exception":"[object] (InvalidArgumentException(code: 0): App\\Logging\\AzureBlobLogger must be an instance of Monolog\\Handler\\HandlerInterface at /Users/anushka/Desktop/Form-Forge/vendor/laravel/framework/src/Illuminate/Log/LogManager.php:372)
[stacktrace]
#0 /Users/anushka/Desktop/Form-Forge/vendor/laravel/framework/src/Illuminate/Log/LogManager.php(210): Illuminate\\Log\\LogManager->createMonologDriver(Array)
#1 /Users/anushka/Desktop/Form-Forge/vendor/laravel/framework/src/Illuminate/Log/LogManager.php(125): Illuminate\\Log\\LogManager->resolve('azure', Array)
#2 /Users/anushka/Desktop/Form-Forge/vendor/laravel/framework/src/Illuminate/Log/LogManager.php(112): Illuminate\\Log\\LogManager->get('azure')
#3 /Users/anushka/Desktop/Form-Forge/vendor/laravel/framework/src/Illuminate/Log/LogManager.php(101): Illuminate\\Log\\LogManager->driver('azure')
#4 /Users/anushka/Desktop/Form-Forge/vendor/laravel/framework/src/Illuminate/Log/LogManager.php(261): Illuminate\\Log\\LogManager->channel('azure')
#5 [internal function]: Illuminate\\Log\\LogManager->{closure:Illuminate\\Log\\LogManager::createStackDriver():258}('azure', 0)
#6 /Users/anushka/Desktop/Form-Forge/vendor/laravel/framework/src/Illuminate/Collections/Collection.php(695): array_map(Object(Closure), Array, Array)
#7 /Users/anushka/Desktop/Form-Forge/vendor/laravel/framework/src/Illuminate/Collections/Traits/EnumeratesValues.php(354): Illuminate\\Support\\Collection->map(Object(Closure))
#8 /Users/anushka/Desktop/Form-Forge/vendor/laravel/framework/src/Illuminate/Log/LogManager.php(258): Illuminate\\Support\\Collection->flatMap(Object(Closure))
#9 /Users/anushka/Desktop/Form-Forge/vendor/laravel/framework/src/Illuminate/Log/LogManager.php(210): Illuminate\\Log\\LogManager->createStackDriver(Array)
#10 /Users/anushka/Desktop/Form-Forge/vendor/laravel/framework/src/Illuminate/Log/LogManager.php(125): Illuminate\\Log\\LogManager->resolve('stack', Array)
#11 /Users/anushka/Desktop/Form-Forge/vendor/laravel/framework/src/Illuminate/Log/LogManager.php(112): Illuminate\\Log\\LogManager->get('stack')
#12 /Users/anushka/Desktop/Form-Forge/vendor/laravel/framework/src/Illuminate/Log/LogManager.php(605): Illuminate\\Log\\LogManager->driver()
#13 /Users/anushka/Desktop/Form-Forge/vendor/laravel/framework/src/Illuminate/Support/Facades/Facade.php(261): Illuminate\\Log\\LogManager->warning('Gemini API call...', Array)
#14 /Users/anushka/Desktop/Form-Forge/app/Services/GeminiService.php(106): Illuminate\\Support\\Facades\\Facade::__callStatic('warning', Array)
#15 /Users/anushka/Desktop/Form-Forge/app/Services/GeminiService.php(59): App\\Services\\GeminiService->call('You are a form-...')
#16 /Users/anushka/Desktop/Form-Forge/app/Jobs/GenerateFormJob.php(38): App\\Services\\GeminiService->generateForm('internship appl...')
#17 /Users/anushka/Desktop/Form-Forge/vendor/laravel/framework/src/Illuminate/Container/BoundMethod.php(36): App\\Jobs\\GenerateFormJob->handle(Object(App\\Services\\GeminiService), Object(App\\Services\\FormSchemaService))
#18 /Users/anushka/Desktop/Form-Forge/vendor/laravel/framework/src/Illuminate/Container/Util.php(40): Illuminate\\Container\\BoundMethod::{closure:Illuminate\\Container\\BoundMethod::call():35}()
#19 /Users/anushka/Desktop/Form-Forge/vendor/laravel/framework/src/Illuminate/Container/BoundMethod.php(93): Illuminate\\Container\\Util::unwrapIfClosure(Object(Closure))
#20 /Users/anushka/Desktop/Form-Forge/vendor/laravel/framework/src/Illuminate/Container/BoundMethod.php(35): Illuminate\\Container\\BoundMethod::callBoundMethod(Object(Illuminate\\Foundation\\Application), Array, Object(Closure))
#21 /Users/anushka/Desktop/Form-Forge/vendor/laravel/framework/src/Illuminate/Container/Container.php(653): Illuminate\\Container\\BoundMethod::call(Object(Illuminate\\Foundation\\Application), Array, Array, NULL)
#22 /Users/anushka/Desktop/Form-Forge/vendor/laravel/framework/src/Illuminate/Bus/Dispatcher.php(128): Illuminate\\Container\\Container->call(Array)
#23 /Users/anushka/Desktop/Form-Forge/vendor/laravel/framework/src/Illuminate/Pipeline/Pipeline.php(128): Illuminate\\Bus\\Dispatcher->{closure:Illuminate\\Bus\\Dispatcher::dispatchNow():125}(Object(App\\Jobs\\GenerateFormJob))
#24 /Users/anushka/Desktop/Form-Forge/vendor/laravel/framework/src/Illuminate/Pipeline/Pipeline.php(103): Illuminate\\Pipeline\\Pipeline->{closure:Illuminate\\Pipeline\\Pipeline::prepareDestination():126}(Object(App\\Jobs\\GenerateFormJob))
#25 /Users/anushka/Desktop/Form-Forge/vendor/laravel/framework/src/Illuminate/Bus/Dispatcher.php(132): Illuminate\\Pipeline\\Pipeline->then(Object(Closure))
#26 /Users/anushka/Desktop/Form-Forge/vendor/laravel/framework/src/Illuminate/Queue/CallQueuedHandler.php(119): Illuminate\\Bus\\Dispatcher->dispatchNow(Object(App\\Jobs\\GenerateFormJob), false)
#27 /Users/anushka/Desktop/Form-Forge/vendor/laravel/framework/src/Illuminate/Pipeline/Pipeline.php(128): Illuminate\\Queue\\CallQueuedHandler->{closure:Illuminate\\Queue\\CallQueuedHandler::dispatchThroughMiddleware():118}(Object(App\\Jobs\\GenerateFormJob))
#28 /Users/anushka/Desktop/Form-Forge/vendor/laravel/framework/src/Illuminate/Pipeline/Pipeline.php(103): Illuminate\\Pipeline\\Pipeline->{closure:Illuminate\\Pipeline\\Pipeline::prepareDestination():126}(Object(App\\Jobs\\GenerateFormJob))
#29 /Users/anushka/Desktop/Form-Forge/vendor/laravel/framework/src/Illuminate/Queue/CallQueuedHandler.php(118): Illuminate\\Pipeline\\Pipeline->then(Object(Closure))
#30 /Users/anushka/Desktop/Form-Forge/vendor/laravel/framework/src/Illuminate/Queue/CallQueuedHandler.php(70): Illuminate\\Queue\\CallQueuedHandler->dispatchThroughMiddleware(Object(Illuminate\\Queue\\Jobs\\SyncJob), Object(App\\Jobs\\GenerateFormJob))
#31 /Users/anushka/Desktop/Form-Forge/vendor/laravel/framework/src/Illuminate/Queue/Jobs/Job.php(98): Illuminate\\Queue\\CallQueuedHandler->call(Object(Illuminate\\Queue\\Jobs\\SyncJob), Array)
#32 /Users/anushka/Desktop/Form-Forge/vendor/laravel/framework/src/Illuminate/Queue/SyncQueue.php(43): Illuminate\\Queue\\Jobs\\Job->fire()
#33 /Users/anushka/Desktop/Form-Forge/vendor/laravel/framework/src/Illuminate/Bus/Dispatcher.php(253): Illuminate\\Queue\\SyncQueue->push(Object(App\\Jobs\\GenerateFormJob))
#34 /Users/anushka/Desktop/Form-Forge/vendor/laravel/framework/src/Illuminate/Bus/Dispatcher.php(229): Illuminate\\Bus\\Dispatcher->pushCommandToQueue(Object(Illuminate\\Queue\\SyncQueue), Object(App\\Jobs\\GenerateFormJob))
#35 /Users/anushka/Desktop/Form-Forge/vendor/laravel/framework/src/Illuminate/Bus/Dispatcher.php(77): Illuminate\\Bus\\Dispatcher->dispatchToQueue(Object(App\\Jobs\\GenerateFormJob))
#36 /Users/anushka/Desktop/Form-Forge/vendor/laravel/framework/src/Illuminate/Foundation/Bus/PendingDispatch.php(193): Illuminate\\Bus\\Dispatcher->dispatch(Object(App\\Jobs\\GenerateFormJob))
#37 /Users/anushka/Desktop/Form-Forge/vendor/laravel/framework/src/Illuminate/Foundation/Bus/Dispatchable.php(17): Illuminate\\Foundation\\Bus\\PendingDispatch->__destruct()
#38 /Users/anushka/Desktop/Form-Forge/app/Http/Livewire/AiFormGenerator.php(33): App\\Jobs\\GenerateFormJob::dispatch(8, 'internship appl...')
#39 /Users/anushka/Desktop/Form-Forge/vendor/laravel/framework/src/Illuminate/Container/BoundMethod.php(36): App\\Http\\Livewire\\AiFormGenerator->generate()
#40 /Users/anushka/Desktop/Form-Forge/vendor/laravel/framework/src/Illuminate/Container/Util.php(40): Illuminate\\Container\\BoundMethod::{closure:Illuminate\\Container\\BoundMethod::call():35}()
#41 /Users/anushka/Desktop/Form-Forge/vendor/laravel/framework/src/Illuminate/Container/BoundMethod.php(93): Illuminate\\Container\\Util::unwrapIfClosure(Object(Closure))
#42 /Users/anushka/Desktop/Form-Forge/vendor/laravel/framework/src/Illuminate/Container/BoundMethod.php(35): Illuminate\\Container\\BoundMethod::callBoundMethod(Object(Illuminate\\Foundation\\Application), Array, Object(Closure))
#43 /Users/anushka/Desktop/Form-Forge/vendor/livewire/livewire/src/ComponentConcerns/HandlesActions.php(149): Illuminate\\Container\\BoundMethod::call(Object(Illuminate\\Foundation\\Application), Array, Array)
#44 /Users/anushka/Desktop/Form-Forge/vendor/livewire/livewire/src/HydrationMiddleware/PerformActionCalls.php(36): Livewire\\Component->callMethod('generate', Array, Object(Closure))
#45 /Users/anushka/Desktop/Form-Forge/vendor/livewire/livewire/src/LifecycleManager.php(89): Livewire\\HydrationMiddleware\\PerformActionCalls::hydrate(Object(App\\Http\\Livewire\\AiFormGenerator), Object(Livewire\\Request))
#46 /Users/anushka/Desktop/Form-Forge/vendor/livewire/livewire/src/Connection/ConnectionHandler.php(13): Livewire\\LifecycleManager->hydrate()
#47 /Users/anushka/Desktop/Form-Forge/vendor/livewire/livewire/src/Controllers/HttpConnectionHandler.php(19): Livewire\\Connection\\ConnectionHandler->handle(Array)
#48 /Users/anushka/Desktop/Form-Forge/vendor/laravel/framework/src/Illuminate/Routing/ControllerDispatcher.php(48): Livewire\\Controllers\\HttpConnectionHandler->__invoke('ai-form-generat...')
#49 /Users/anushka/Desktop/Form-Forge/vendor/laravel/framework/src/Illuminate/Routing/Route.php(261): Illuminate\\Routing\\ControllerDispatcher->dispatch(Object(Illuminate\\Routing\\Route), Object(Livewire\\Controllers\\HttpConnectionHandler), '__invoke')
#50 /Users/anushka/Desktop/Form-Forge/vendor/laravel/framework/src/Illuminate/Routing/Route.php(205): Illuminate\\Routing\\Route->runController()
#51 /Users/anushka/Desktop/Form-Forge/vendor/laravel/framework/src/Illuminate/Routing/Router.php(721): Illuminate\\Routing\\Route->run()
#52 /Users/anushka/Desktop/Form-Forge/vendor/laravel/framework/src/Illuminate/Pipeline/Pipeline.php(128): Illuminate\\Routing\\Router->{closure:Illuminate\\Routing\\Router::runRouteWithinStack():719}(Object(Illuminate\\Http\\Request))
#53 /Users/anushka/Desktop/Form-Forge/vendor/laravel/framework/src/Illuminate/Routing/Middleware/SubstituteBindings.php(50): Illuminate\\Pipeline\\Pipeline->{closure:Illuminate\\Pipeline\\Pipeline::prepareDestination():126}(Object(Illuminate\\Http\\Request))
#54 /Users/anushka/Desktop/Form-Forge/vendor/laravel/framework/src/Illuminate/Pipeline/Pipeline.php(167): Illuminate\\Routing\\Middleware\\SubstituteBindings->handle(Object(Illuminate\\Http\\Request), Object(Closure))
#55 /Users/anushka/Desktop/Form-Forge/vendor/laravel/framework/src/Illuminate/Foundation/Http/Middleware/VerifyCsrfToken.php(78): Illuminate\\Pipeline\\Pipeline->{closure:{closure:Illuminate\\Pipeline\\Pipeline::carry():142}:143}(Object(Illuminate\\Http\\Request))
#56 /Users/anushka/Desktop/Form-Forge/vendor/laravel/framework/src/Illuminate/Pipeline/Pipeline.php(167): Illuminate\\Foundation\\Http\\Middleware\\VerifyCsrfToken->handle(Object(Illuminate\\Http\\Request), Object(Closure))
#57 /Users/anushka/Desktop/Form-Forge/vendor/laravel/framework/src/Illuminate/View/Middleware/ShareErrorsFromSession.php(49): Illuminate\\Pipeline\\Pipeline->{closure:{closure:Illuminate\\Pipeline\\Pipeline::carry():142}:143}(Object(Illuminate\\Http\\Request))
#58 /Users/anushka/Desktop/Form-Forge/vendor/laravel/framework/src/Illuminate/Pipeline/Pipeline.php(167): Illuminate\\View\\Middleware\\ShareErrorsFromSession->handle(Object(Illuminate\\Http\\Request), Object(Closure))
#59 /Users/anushka/Desktop/Form-Forge/vendor/laravel/framework/src/Illuminate/Session/Middleware/StartSession.php(121): Illuminate\\Pipeline\\Pipeline->{closure:{closure:Illuminate\\Pipeline\\Pipeline::carry():142}:143}(Object(Illuminate\\Http\\Request))
#60 /Users/anushka/Desktop/Form-Forge/vendor/laravel/framework/src/Illuminate/Session/Middleware/StartSession.php(64): Illuminate\\Session\\Middleware\\StartSession->handleStatefulRequest(Object(Illuminate\\Http\\Request), Object(Illuminate\\Session\\Store), Object(Closure))
#61 /Users/anushka/Desktop/Form-Forge/vendor/laravel/framework/src/Illuminate/Pipeline/Pipeline.php(167): Illuminate\\Session\\Middleware\\StartSession->handle(Object(Illuminate\\Http\\Request), Object(Closure))
#62 /Users/anushka/Desktop/Form-Forge/vendor/laravel/framework/src/Illuminate/Cookie/Middleware/AddQueuedCookiesToResponse.php(37): Illuminate\\Pipeline\\Pipeline->{closure:{closure:Illuminate\\Pipeline\\Pipeline::carry():142}:143}(Object(Illuminate\\Http\\Request))
#63 /Users/anushka/Desktop/Form-Forge/vendor/laravel/framework/src/Illuminate/Pipeline/Pipeline.php(167): Illuminate\\Cookie\\Middleware\\AddQueuedCookiesToResponse->handle(Object(Illuminate\\Http\\Request), Object(Closure))
#64 /Users/anushka/Desktop/Form-Forge/vendor/laravel/framework/src/Illuminate/Cookie/Middleware/EncryptCookies.php(67): Illuminate\\Pipeline\\Pipeline->{closure:{closure:Illuminate\\Pipeline\\Pipeline::carry():142}:143}(Object(Illuminate\\Http\\Request))
#65 /Users/anushka/Desktop/Form-Forge/vendor/laravel/framework/src/Illuminate/Pipeline/Pipeline.php(167): Illuminate\\Cookie\\Middleware\\EncryptCookies->handle(Object(Illuminate\\Http\\Request), Object(Closure))
#66 /Users/anushka/Desktop/Form-Forge/vendor/laravel/framework/src/Illuminate/Pipeline/Pipeline.php(103): Illuminate\\Pipeline\\Pipeline->{closure:{closure:Illuminate\\Pipeline\\Pipeline::carry():142}:143}(Object(Illuminate\\Http\\Request))
#67 /Users/anushka/Desktop/Form-Forge/vendor/laravel/framework/src/Illuminate/Routing/Router.php(719): Illuminate\\Pipeline\\Pipeline->then(Object(Closure))
#68 /Users/anushka/Desktop/Form-Forge/vendor/laravel/framework/src/Illuminate/Routing/Router.php(698): Illuminate\\Routing\\Router->runRouteWithinStack(Object(Illuminate\\Routing\\Route), Object(Illuminate\\Http\\Request))
#69 /Users/anushka/Desktop/Form-Forge/vendor/laravel/framework/src/Illuminate/Routing/Router.php(662): Illuminate\\Routing\\Router->runRoute(Object(Illuminate\\Http\\Request), Object(Illuminate\\Routing\\Route))
#70 /Users/anushka/Desktop/Form-Forge/vendor/laravel/framework/src/Illuminate/Routing/Router.php(651): Illuminate\\Routing\\Router->dispatchToRoute(Object(Illuminate\\Http\\Request))
#71 /Users/anushka/Desktop/Form-Forge/vendor/laravel/framework/src/Illuminate/Foundation/Http/Kernel.php(167): Illuminate\\Routing\\Router->dispatch(Object(Illuminate\\Http\\Request))
#72 /Users/anushka/Desktop/Form-Forge/vendor/laravel/framework/src/Illuminate/Pipeline/Pipeline.php(128): Illuminate\\Foundation\\Http\\Kernel->{closure:Illuminate\\Foundation\\Http\\Kernel::dispatchToRouter():164}(Object(Illuminate\\Http\\Request))
#73 /Users/anushka/Desktop/Form-Forge/vendor/livewire/livewire/src/DisableBrowserCache.php(19): Illuminate\\Pipeline\\Pipeline->{closure:Illuminate\\Pipeline\\Pipeline::prepareDestination():126}(Object(Illuminate\\Http\\Request))
#74 /Users/anushka/Desktop/Form-Forge/vendor/laravel/framework/src/Illuminate/Pipeline/Pipeline.php(167): Livewire\\DisableBrowserCache->handle(Object(Illuminate\\Http\\Request), Object(Closure))
#75 /Users/anushka/Desktop/Form-Forge/vendor/laravel/framework/src/Illuminate/Foundation/Http/Middleware/ConvertEmptyStringsToNull.php(27): Illuminate\\Pipeline\\Pipeline->{closure:{closure:Illuminate\\Pipeline\\Pipeline::carry():142}:143}(Object(Illuminate\\Http\\Request))
#76 /Users/anushka/Desktop/Form-Forge/vendor/laravel/framework/src/Illuminate/Pipeline/Pipeline.php(167): Illuminate\\Foundation\\Http\\Middleware\\ConvertEmptyStringsToNull->handle(Object(Illuminate\\Http\\Request), Object(Closure))
#77 /Users/anushka/Desktop/Form-Forge/vendor/laravel/framework/src/Illuminate/Foundation/Http/Middleware/TrimStrings.php(36): Illuminate\\Pipeline\\Pipeline->{closure:{closure:Illuminate\\Pipeline\\Pipeline::carry():142}:143}(Object(Illuminate\\Http\\Request))
#78 /Users/anushka/Desktop/Form-Forge/vendor/laravel/framework/src/Illuminate/Pipeline/Pipeline.php(167): Illuminate\\Foundation\\Http\\Middleware\\TrimStrings->handle(Object(Illuminate\\Http\\Request), Object(Closure))
#79 /Users/anushka/Desktop/Form-Forge/vendor/laravel/framework/src/Illuminate/Foundation/Http/Middleware/ValidatePostSize.php(27): Illuminate\\Pipeline\\Pipeline->{closure:{closure:Illuminate\\Pipeline\\Pipeline::carry():142}:143}(Object(Illuminate\\Http\\Request))
#80 /Users/anushka/Desktop/Form-Forge/vendor/laravel/framework/src/Illuminate/Pipeline/Pipeline.php(167): Illuminate\\Foundation\\Http\\Middleware\\ValidatePostSize->handle(Object(Illuminate\\Http\\Request), Object(Closure))
#81 /Users/anushka/Desktop/Form-Forge/vendor/laravel/framework/src/Illuminate/Foundation/Http/Middleware/PreventRequestsDuringMaintenance.php(86): Illuminate\\Pipeline\\Pipeline->{closure:{closure:Illuminate\\Pipeline\\Pipeline::carry():142}:143}(Object(Illuminate\\Http\\Request))
#82 /Users/anushka/Desktop/Form-Forge/vendor/laravel/framework/src/Illuminate/Pipeline/Pipeline.php(167): Illuminate\\Foundation\\Http\\Middleware\\PreventRequestsDuringMaintenance->handle(Object(Illuminate\\Http\\Request), Object(Closure))
#83 /Users/anushka/Desktop/Form-Forge/vendor/fruitcake/laravel-cors/src/HandleCors.php(38): Illuminate\\Pipeline\\Pipeline->{closure:{closure:Illuminate\\Pipeline\\Pipeline::carry():142}:143}(Object(Illuminate\\Http\\Request))
#84 /Users/anushka/Desktop/Form-Forge/vendor/laravel/framework/src/Illuminate/Pipeline/Pipeline.php(167): Fruitcake\\Cors\\HandleCors->handle(Object(Illuminate\\Http\\Request), Object(Closure))
#85 /Users/anushka/Desktop/Form-Forge/vendor/laravel/framework/src/Illuminate/Http/Middleware/TrustProxies.php(39): Illuminate\\Pipeline\\Pipeline->{closure:{closure:Illuminate\\Pipeline\\Pipeline::carry():142}:143}(Object(Illuminate\\Http\\Request))
#86 /Users/anushka/Desktop/Form-Forge/vendor/laravel/framework/src/Illuminate/Pipeline/Pipeline.php(167): Illuminate\\Http\\Middleware\\TrustProxies->handle(Object(Illuminate\\Http\\Request), Object(Closure))
#87 /Users/anushka/Desktop/Form-Forge/vendor/laravel/framework/src/Illuminate/Pipeline/Pipeline.php(103): Illuminate\\Pipeline\\Pipeline->{closure:{closure:Illuminate\\Pipeline\\Pipeline::carry():142}:143}(Object(Illuminate\\Http\\Request))
#88 /Users/anushka/Desktop/Form-Forge/vendor/laravel/framework/src/Illuminate/Foundation/Http/Kernel.php(142): Illuminate\\Pipeline\\Pipeline->then(Object(Closure))
#89 /Users/anushka/Desktop/Form-Forge/vendor/laravel/framework/src/Illuminate/Foundation/Http/Kernel.php(111): Illuminate\\Foundation\\Http\\Kernel->sendRequestThroughRouter(Object(Illuminate\\Http\\Request))
#90 /Users/anushka/Desktop/Form-Forge/public/index.php(51): Illuminate\\Foundation\\Http\\Kernel->handle(Object(Illuminate\\Http\\Request))
#91 /Users/anushka/Desktop/Form-Forge/server.php(21): require_once('/Users/anushka/...')
#92 {main}
"} 
[2026-08-05 14:15:58] local.WARNING: Gemini API call failed {"model":"gemini-2.5-flash","status":404,"error":"This model models/gemini-2.5-flash is no longer available to new users. Please update your code to use a newer model for the latest features and improvements."} 
[2026-08-05 14:15:59] local.WARNING: Gemini API call failed {"model":"gemini-2.5-flash","status":404,"error":"This model models/gemini-2.5-flash is no longer available to new users. Please update your code to use a newer model for the latest features and improvements."} 
[2026-08-05 14:15:59] local.WARNING: Gemini API call failed {"model":"gemini-2.5-flash","status":404,"error":"This model models/gemini-2.5-flash is no longer available to new users. Please update your code to use a newer model for the latest features and improvements."} 
[2026-08-05 14:16:57] laravel.EMERGENCY: Unable to create configured logger. Using emergency logger. {"exception":"[object] (InvalidArgumentException(code: 0): App\\Logging\\AzureBlobLogger must be an instance of Monolog\\Handler\\HandlerInterface at /Users/anushka/Desktop/Form-Forge/vendor/laravel/framework/src/Illuminate/Log/LogManager.php:372)
[stacktrace]
#0 /Users/anushka/Desktop/Form-Forge/vendor/laravel/framework/src/Illuminate/Log/LogManager.php(210): Illuminate\\Log\\LogManager->createMonologDriver(Array)
#1 /Users/anushka/Desktop/Form-Forge/vendor/laravel/framework/src/Illuminate/Log/LogManager.php(125): Illuminate\\Log\\LogManager->resolve('azure', Array)
#2 /Users/anushka/Desktop/Form-Forge/vendor/laravel/framework/src/Illuminate/Log/LogManager.php(112): Illuminate\\Log\\LogManager->get('azure')
#3 /Users/anushka/Desktop/Form-Forge/vendor/laravel/framework/src/Illuminate/Log/LogManager.php(101): Illuminate\\Log\\LogManager->driver('azure')
#4 /Users/anushka/Desktop/Form-Forge/vendor/laravel/framework/src/Illuminate/Log/LogManager.php(255): Illuminate\\Log\\LogManager->channel('azure')
#5 [internal function]: Illuminate\\Log\\LogManager->{closure:Illuminate\\Log\\LogManager::createStackDriver():252}('azure', 0)
#6 /Users/anushka/Desktop/Form-Forge/vendor/laravel/framework/src/Illuminate/Collections/Collection.php(695): array_map(Object(Closure), Array, Array)
#7 /Users/anushka/Desktop/Form-Forge/vendor/laravel/framework/src/Illuminate/Collections/Traits/EnumeratesValues.php(354): Illuminate\\Support\\Collection->map(Object(Closure))
#8 /Users/anushka/Desktop/Form-Forge/vendor/laravel/framework/src/Illuminate/Log/LogManager.php(252): Illuminate\\Support\\Collection->flatMap(Object(Closure))
#9 /Users/anushka/Desktop/Form-Forge/vendor/laravel/framework/src/Illuminate/Log/LogManager.php(210): Illuminate\\Log\\LogManager->createStackDriver(Array)
#10 /Users/anushka/Desktop/Form-Forge/vendor/laravel/framework/src/Illuminate/Log/LogManager.php(125): Illuminate\\Log\\LogManager->resolve('stack', Array)
#11 /Users/anushka/Desktop/Form-Forge/vendor/laravel/framework/src/Illuminate/Log/LogManager.php(112): Illuminate\\Log\\LogManager->get('stack')
#12 /Users/anushka/Desktop/Form-Forge/vendor/laravel/framework/src/Illuminate/Queue/QueueServiceProvider.php(200): Illuminate\\Log\\LogManager->driver()
#13 /Users/anushka/Desktop/Form-Forge/vendor/laravel/framework/src/Illuminate/Queue/Worker.php(152): Illuminate\\Queue\\QueueServiceProvider->{closure:{closure:Illuminate\\Queue\\QueueServiceProvider::registerWorker():194}:199}()
#14 /Users/anushka/Desktop/Form-Forge/vendor/laravel/framework/src/Illuminate/Queue/Console/WorkCommand.php(117): Illuminate\\Queue\\Worker->daemon('sync', 'default', Object(Illuminate\\Queue\\WorkerOptions))
#15 /Users/anushka/Desktop/Form-Forge/vendor/laravel/framework/src/Illuminate/Queue/Console/WorkCommand.php(100): Illuminate\\Queue\\Console\\WorkCommand->runWorker('sync', 'default')
#16 /Users/anushka/Desktop/Form-Forge/vendor/laravel/framework/src/Illuminate/Container/BoundMethod.php(36): Illuminate\\Queue\\Console\\WorkCommand->handle()
#17 /Users/anushka/Desktop/Form-Forge/vendor/laravel/framework/src/Illuminate/Container/Util.php(40): Illuminate\\Container\\BoundMethod::{closure:Illuminate\\Container\\BoundMethod::call():35}()
#18 /Users/anushka/Desktop/Form-Forge/vendor/laravel/framework/src/Illuminate/Container/BoundMethod.php(93): Illuminate\\Container\\Util::unwrapIfClosure(Object(Closure))
#19 /Users/anushka/Desktop/Form-Forge/vendor/laravel/framework/src/Illuminate/Container/BoundMethod.php(35): Illuminate\\Container\\BoundMethod::callBoundMethod(Object(Illuminate\\Foundation\\Application), Array, Object(Closure))
#20 /Users/anushka/Desktop/Form-Forge/vendor/laravel/framework/src/Illuminate/Container/Container.php(653): Illuminate\\Container\\BoundMethod::call(Object(Illuminate\\Foundation\\Application), Array, Array, NULL)
#21 /Users/anushka/Desktop/Form-Forge/vendor/laravel/framework/src/Illuminate/Console/Command.php(136): Illuminate\\Container\\Container->call(Array)
#22 /Users/anushka/Desktop/Form-Forge/vendor/symfony/console/Command/Command.php(298): Illuminate\\Console\\Command->execute(Object(Symfony\\Component\\Console\\Input\\ArgvInput), Object(Illuminate\\Console\\OutputStyle))
#23 /Users/anushka/Desktop/Form-Forge/vendor/laravel/framework/src/Illuminate/Console/Command.php(120): Symfony\\Component\\Console\\Command\\Command->run(Object(Symfony\\Component\\Console\\Input\\ArgvInput), Object(Illuminate\\Console\\OutputStyle))
#24 /Users/anushka/Desktop/Form-Forge/vendor/symfony/console/Application.php(1040): Illuminate\\Console\\Command->run(Object(Symfony\\Component\\Console\\Input\\ArgvInput), Object(Symfony\\Component\\Console\\Output\\ConsoleOutput))
#25 /Users/anushka/Desktop/Form-Forge/vendor/symfony/console/Application.php(301): Symfony\\Component\\Console\\Application->doRunCommand(Object(Illuminate\\Queue\\Console\\WorkCommand), Object(Symfony\\Component\\Console\\Input\\ArgvInput), Object(Symfony\\Component\\Console\\Output\\ConsoleOutput))
#26 /Users/anushka/Desktop/Form-Forge/vendor/symfony/console/Application.php(171): Symfony\\Component\\Console\\Application->doRun(Object(Symfony\\Component\\Console\\Input\\ArgvInput), Object(Symfony\\Component\\Console\\Output\\ConsoleOutput))
#27 /Users/anushka/Desktop/Form-Forge/vendor/laravel/framework/src/Illuminate/Console/Application.php(94): Symfony\\Component\\Console\\Application->run(Object(Symfony\\Component\\Console\\Input\\ArgvInput), Object(Symfony\\Component\\Console\\Output\\ConsoleOutput))
#28 /Users/anushka/Desktop/Form-Forge/vendor/laravel/framework/src/Illuminate/Foundation/Console/Kernel.php(129): Illuminate\\Console\\Application->run(Object(Symfony\\Component\\Console\\Input\\ArgvInput), Object(Symfony\\Component\\Console\\Output\\ConsoleOutput))
#29 /Users/anushka/Desktop/Form-Forge/artisan(35): Illuminate\\Foundation\\Console\\Kernel->handle(Object(Symfony\\Component\\Console\\Input\\ArgvInput), Object(Symfony\\Component\\Console\\Output\\ConsoleOutput))
#30 {main}
"} 
[2026-08-05 14:16:57] laravel.EMERGENCY: Unable to create configured logger. Using emergency logger. {"exception":"[object] (InvalidArgumentException(code: 0): App\\Logging\\AzureBlobLogger must be an instance of Monolog\\Handler\\HandlerInterface at /Users/anushka/Desktop/Form-Forge/vendor/laravel/framework/src/Illuminate/Log/LogManager.php:372)
[stacktrace]
#0 /Users/anushka/Desktop/Form-Forge/vendor/laravel/framework/src/Illuminate/Log/LogManager.php(210): Illuminate\\Log\\LogManager->createMonologDriver(Array)
#1 /Users/anushka/Desktop/Form-Forge/vendor/laravel/framework/src/Illuminate/Log/LogManager.php(125): Illuminate\\Log\\LogManager->resolve('azure', Array)
#2 /Users/anushka/Desktop/Form-Forge/vendor/laravel/framework/src/Illuminate/Log/LogManager.php(112): Illuminate\\Log\\LogManager->get('azure')
#3 /Users/anushka/Desktop/Form-Forge/vendor/laravel/framework/src/Illuminate/Log/LogManager.php(101): Illuminate\\Log\\LogManager->driver('azure')
#4 /Users/anushka/Desktop/Form-Forge/vendor/laravel/framework/src/Illuminate/Log/LogManager.php(261): Illuminate\\Log\\LogManager->channel('azure')
#5 [internal function]: Illuminate\\Log\\LogManager->{closure:Illuminate\\Log\\LogManager::createStackDriver():258}('azure', 0)
#6 /Users/anushka/Desktop/Form-Forge/vendor/laravel/framework/src/Illuminate/Collections/Collection.php(695): array_map(Object(Closure), Array, Array)
#7 /Users/anushka/Desktop/Form-Forge/vendor/laravel/framework/src/Illuminate/Collections/Traits/EnumeratesValues.php(354): Illuminate\\Support\\Collection->map(Object(Closure))
#8 /Users/anushka/Desktop/Form-Forge/vendor/laravel/framework/src/Illuminate/Log/LogManager.php(258): Illuminate\\Support\\Collection->flatMap(Object(Closure))
#9 /Users/anushka/Desktop/Form-Forge/vendor/laravel/framework/src/Illuminate/Log/LogManager.php(210): Illuminate\\Log\\LogManager->createStackDriver(Array)
#10 /Users/anushka/Desktop/Form-Forge/vendor/laravel/framework/src/Illuminate/Log/LogManager.php(125): Illuminate\\Log\\LogManager->resolve('stack', Array)
#11 /Users/anushka/Desktop/Form-Forge/vendor/laravel/framework/src/Illuminate/Log/LogManager.php(112): Illuminate\\Log\\LogManager->get('stack')
#12 /Users/anushka/Desktop/Form-Forge/vendor/laravel/framework/src/Illuminate/Queue/QueueServiceProvider.php(200): Illuminate\\Log\\LogManager->driver()
#13 /Users/anushka/Desktop/Form-Forge/vendor/laravel/framework/src/Illuminate/Queue/Worker.php(152): Illuminate\\Queue\\QueueServiceProvider->{closure:{closure:Illuminate\\Queue\\QueueServiceProvider::registerWorker():194}:199}()
#14 /Users/anushka/Desktop/Form-Forge/vendor/laravel/framework/src/Illuminate/Queue/Console/WorkCommand.php(117): Illuminate\\Queue\\Worker->daemon('sync', 'default', Object(Illuminate\\Queue\\WorkerOptions))
#15 /Users/anushka/Desktop/Form-Forge/vendor/laravel/framework/src/Illuminate/Queue/Console/WorkCommand.php(100): Illuminate\\Queue\\Console\\WorkCommand->runWorker('sync', 'default')
#16 /Users/anushka/Desktop/Form-Forge/vendor/laravel/framework/src/Illuminate/Container/BoundMethod.php(36): Illuminate\\Queue\\Console\\WorkCommand->handle()
#17 /Users/anushka/Desktop/Form-Forge/vendor/laravel/framework/src/Illuminate/Container/Util.php(40): Illuminate\\Container\\BoundMethod::{closure:Illuminate\\Container\\BoundMethod::call():35}()
#18 /Users/anushka/Desktop/Form-Forge/vendor/laravel/framework/src/Illuminate/Container/BoundMethod.php(93): Illuminate\\Container\\Util::unwrapIfClosure(Object(Closure))
#19 /Users/anushka/Desktop/Form-Forge/vendor/laravel/framework/src/Illuminate/Container/BoundMethod.php(35): Illuminate\\Container\\BoundMethod::callBoundMethod(Object(Illuminate\\Foundation\\Application), Array, Object(Closure))
#20 /Users/anushka/Desktop/Form-Forge/vendor/laravel/framework/src/Illuminate/Container/Container.php(653): Illuminate\\Container\\BoundMethod::call(Object(Illuminate\\Foundation\\Application), Array, Array, NULL)
#21 /Users/anushka/Desktop/Form-Forge/vendor/laravel/framework/src/Illuminate/Console/Command.php(136): Illuminate\\Container\\Container->call(Array)
#22 /Users/anushka/Desktop/Form-Forge/vendor/symfony/console/Command/Command.php(298): Illuminate\\Console\\Command->execute(Object(Symfony\\Component\\Console\\Input\\ArgvInput), Object(Illuminate\\Console\\OutputStyle))
#23 /Users/anushka/Desktop/Form-Forge/vendor/laravel/framework/src/Illuminate/Console/Command.php(120): Symfony\\Component\\Console\\Command\\Command->run(Object(Symfony\\Component\\Console\\Input\\ArgvInput), Object(Illuminate\\Console\\OutputStyle))
#24 /Users/anushka/Desktop/Form-Forge/vendor/symfony/console/Application.php(1040): Illuminate\\Console\\Command->run(Object(Symfony\\Component\\Console\\Input\\ArgvInput), Object(Symfony\\Component\\Console\\Output\\ConsoleOutput))
#25 /Users/anushka/Desktop/Form-Forge/vendor/symfony/console/Application.php(301): Symfony\\Component\\Console\\Application->doRunCommand(Object(Illuminate\\Queue\\Console\\WorkCommand), Object(Symfony\\Component\\Console\\Input\\ArgvInput), Object(Symfony\\Component\\Console\\Output\\ConsoleOutput))
#26 /Users/anushka/Desktop/Form-Forge/vendor/symfony/console/Application.php(171): Symfony\\Component\\Console\\Application->doRun(Object(Symfony\\Component\\Console\\Input\\ArgvInput), Object(Symfony\\Component\\Console\\Output\\ConsoleOutput))
#27 /Users/anushka/Desktop/Form-Forge/vendor/laravel/framework/src/Illuminate/Console/Application.php(94): Symfony\\Component\\Console\\Application->run(Object(Symfony\\Component\\Console\\Input\\ArgvInput), Object(Symfony\\Component\\Console\\Output\\ConsoleOutput))
#28 /Users/anushka/Desktop/Form-Forge/vendor/laravel/framework/src/Illuminate/Foundation/Console/Kernel.php(129): Illuminate\\Console\\Application->run(Object(Symfony\\Component\\Console\\Input\\ArgvInput), Object(Symfony\\Component\\Console\\Output\\ConsoleOutput))
#29 /Users/anushka/Desktop/Form-Forge/artisan(35): Illuminate\\Foundation\\Console\\Kernel->handle(Object(Symfony\\Component\\Console\\Input\\ArgvInput), Object(Symfony\\Component\\Console\\Output\\ConsoleOutput))
#30 {main}
"} 
